,name,team_x,pass_attempts,throwaways,spikes,drops,drop_pct,bad_throws,bad_throw_pct,pocket_time,times_blitzed,times_hurried,times_hit,times_pressured,pressure_pct,batted_balls,on_tgt_throws,on_tgt_pct,rpo_plays,rpo_yards,rpo_pass_att,rpo_pass_yards,rpo_rush_att,rpo_rush_yards,pa_pass_att,pa_pass_yards,season_type,rank,qbr_total,pts_added,qb_plays,epa_total,pass,run,exp_sack,penalty,qbr_raw,sack,season,team_yr,team_y,year,wins,losses,ties,pct,net_pts,pick,playoffs,wildcard,divisional,conf_champ,superbowl
0,Ben Roethlisberger 2018,PIT,675.0,7.0,3.0,24.0,3.6,122.0,18.3,2.3,164.0,58.0,37.0,119.0,16.7,,,,,,,,,,,,Regular,4.5,69.6,48.2,762.0,113.5,89.3,8.7,0.0,5.1,71.0,-10.4,2018.0,PIT 2018,PIT,2018,9,6,1,0.594,68,20,0,0,0,0,0
1,Patrick Mahomes 2018,KC,580.0,24.0,1.0,28.0,5.0,95.0,17.1,2.4,127.0,121.0,67.0,214.0,33.8,,,,,,,,,,,,Regular/Playoffs,1.0,78.76031746031745,819.0,722.0,138.3,105.5,14.1,0.0,3.2,79.03797313797314,-13.5,2018.0,KC 2018,KC,2018,12,4,0,0.75,144,29,1,1,1,0,0
2,Matt Ryan 2018,ATL,608.0,18.0,1.0,36.0,6.1,79.0,13.4,2.3,201.0,53.0,48.0,143.0,21.4,,,,,,,,,,,,Regular,9.0,65.7,39.7,722.0,92.9,60.2,7.4,0.0,4.9,68.5,-20.4,2018.0,ATL 2018,ATL,2018,7,9,0,0.438,-9,14,0,0,0,0,0
3,Jared Goff 2018,LAR,561.0,29.0,2.0,13.0,2.5,93.0,17.5,2.6,151.0,66.0,34.0,133.0,21.7,,,,,,,,,,,,Regular/Playoffs,10.0,60.15857687420584,787.0,665.0,89.0,66.1,1.7000000000000002,0.0,4.4,59.999618805590856,-16.7,2018.0,LAR 2018,LAR,2018,13,3,0,0.813,143,31,1,1,1,1,0
4,Andrew Luck 2018,IND,639.0,8.0,2.0,37.0,5.9,88.0,14.0,2.3,154.0,50.0,51.0,119.0,17.6,,,,,,,,,,,,Regular/Playoffs,4.5,67.96735187424424,827.0,741.0,108.1,87.10000000000001,5.7,0.0,4.3,67.46577992744861,-10.700000000000001,2018.0,IND 2018,IND,2018,10,6,0,0.625,89,26,1,1,0,0,0
5,Aaron Rodgers 2018,GB,597.0,48.0,2.0,27.0,4.9,106.0,19.4,2.5,153.0,90.0,38.0,177.0,26.0,,,,,,,,,,,,Regular,16.0,58.0,9.1,737.0,70.0,25.1,17.8,0.0,3.2,54.4,-23.9,2018.0,GB 2018,GB,2018,6,9,1,0.406,-24,12,0,0,0,0,0
6,Tom Brady 2018,NE,570.0,22.0,2.0,25.0,4.6,103.0,18.9,2.4,108.0,48.0,39.0,108.0,18.1,,,,,,,,,,,,Regular/Playoffs,6.0,68.14451612903227,775.0,643.0,98.8,78.4,4.4,0.0,4.7,66.36154838709678,-10.4,2018.0,NE 2018,NE,2018,11,5,0,0.688,111,32,1,1,1,1,1
7,Philip Rivers 2018,LAC,508.0,13.0,0.0,23.0,4.6,64.0,12.9,2.4,151.0,45.0,46.0,123.0,22.6,,,,,,,,,,,,Regular/Playoffs,7.0,68.69971264367815,696.0,595.0,88.3,73.39999999999999,0.0,0.0,1.3,68.94037356321839,-13.4,2018.0,LAC 2018,LAC,2018,12,4,0,0.75,99,28,1,1,0,0,0
8,Eli Manning 2018,NYG,576.0,9.0,1.0,24.0,4.2,94.0,16.6,2.4,122.0,64.0,41.0,152.0,24.2,,,,,,,,,,,,Regular,25.0,49.1,-2.5,684.0,54.8,30.2,2.0,0.0,2.4,48.7,-20.2,2018.0,NYG 2018,NYG,2018,5,11,0,0.313,-43,6,0,0,0,0,0
9,Kirk Cousins 2018,MIN,606.0,17.0,3.0,25.0,4.3,68.0,11.6,2.5,143.0,97.0,39.0,176.0,26.5,,,,,,,,,,,,Regular,14.0,59.5,16.8,718.0,71.8,57.3,-5.1,0.0,2.2,58.2,-17.5,2018.0,MIN 2018,MIN,2018,8,7,1,0.531,19,18,0,0,0,0,0
10,Deshaun Watson 2018,HOU,505.0,13.0,6.0,17.0,3.5,84.0,17.3,2.5,163.0,77.0,59.0,198.0,31.7,,,,,,,,,,,,Regular/Playoffs,13.0,58.30629095674967,763.0,702.0,79.8,29.7,18.7,0.0,3.8,57.58204456094364,-27.5,2018.0,HOU 2018,HOU,2018,11,5,0,0.688,86,23,1,0,0,0,0
11,Drew Brees 2018,NO,489.0,13.0,0.0,22.0,4.6,49.0,10.3,2.4,137.0,43.0,24.0,84.0,16.5,,,,,,,,,,,,Regular/Playoffs,2.0,76.24700460829494,651.0,562.0,111.6,88.8,5.300000000000001,0.0,6.2,77.7067588325653,-10.299999999999999,2018.0,NO 2018,NO,2018,13,3,0,0.813,151,30,1,1,1,0,0
12,Case Keenum 2018,DEN,586.0,35.0,2.0,34.0,6.2,95.0,17.3,2.3,180.0,77.0,51.0,162.0,25.6,,,,,,,,,,,,Regular,29.0,44.5,-8.8,685.0,50.6,26.9,4.2,0.0,3.5,45.5,-16.0,2018.0,DEN 2018,DEN,2018,6,10,0,0.375,-20,10,0,0,0,0,0
13,Dak Prescott 2018,DAL,526.0,13.0,0.0,22.0,4.3,89.0,17.3,2.4,168.0,73.0,49.0,178.0,29.1,,,,,,,,,,,,Regular/Playoffs,17.0,57.404398447606724,773.0,693.0,84.7,42.1,16.099999999999998,0.0,2.1,58.32160413971539,-23.3,2018.0,DAL 2018,DAL,2018,10,6,0,0.625,15,27,1,1,0,0,0
14,Matthew Stafford 2018,DET,555.0,15.0,1.0,29.0,5.4,94.0,17.4,2.3,165.0,56.0,34.0,130.0,21.4,,,,,,,,,,,,Regular,22.0,51.3,-2.8,647.0,49.2,25.8,4.2,0.0,4.2,48.4,-15.0,2018.0,DET 2018,DET,2018,6,10,0,0.375,-36,8,0,0,0,0,0
15,Baker Mayfield 2018,CLE,486.0,13.0,3.0,31.0,6.6,81.0,17.2,2.2,169.0,84.0,18.0,127.0,24.1,,,,,,,,,,,,Regular,23.0,51.2,5.3,580.0,51.5,34.8,0.9,0.0,3.6,53.2,-12.2,2018.0,CLE 2018,CLE,2018,7,8,1,0.469,-33,17,0,0,0,0,0
16,Tyrod Taylor 2018,CLE,85.0,5.0,1.0,5.0,6.3,19.0,24.1,2.4,37.0,21.0,9.0,43.0,39.4,,,,,,,,,,,,,,,,,,,,,,,,2018.0,CLE 2018,CLE,2018,7,8,1,0.469,-33,17,0,0,0,0,0
17,Russell Wilson 2018,SEA,427.0,24.0,8.0,18.0,4.6,61.0,15.4,2.5,145.0,82.0,31.0,164.0,32.3,,,,,,,,,,,,Regular/Playoffs,11.0,63.78291873963516,603.0,571.0,73.4,34.8,12.0,0.0,2.6,63.07064676616915,-24.1,2018.0,SEA 2018,SEA,2018,10,6,0,0.625,81,21,1,0,0,0,0
18,Cam Newton 2018,CAR,471.0,16.0,3.0,24.0,5.3,62.0,13.7,2.3,135.0,49.0,22.0,100.0,19.0,,,,,,,,,,,,Regular,19.5,53.2,8.9,629.0,62.6,41.7,8.4,0.0,0.0,55.0,-12.5,2018.0,CAR 2018,CAR,2018,7,9,0,0.438,-6,16,0,0,0,0,0
19,Taylor Heinicke 2018,CAR,57.0,3.0,1.0,0.0,0.0,14.0,26.4,2.3,17.0,5.0,8.0,15.0,24.6,,,,,,,,,,,,,,,,,,,,,,,,2018.0,CAR 2018,CAR,2018,7,9,0,0.438,-6,16,0,0,0,0,0
20,Mitchell Trubisky 2018,CHI,434.0,10.0,1.0,11.0,2.6,78.0,18.4,2.4,120.0,59.0,18.0,101.0,20.4,,,,,,,,,,,,,,,,,,,,,,,,2018.0,CHI 2018,CHI,2018,12,4,0,0.75,138,24,1,0,0,0,0
21,Chase Daniel 2018,CHI,76.0,0.0,0.0,2.0,2.6,12.0,15.8,2.5,20.0,5.0,5.0,19.0,21.8,,,,,,,,,,,,,,,,,,,,,,,,2018.0,CHI 2018,CHI,2018,12,4,0,0.75,138,24,1,0,0,0,0
22,Carson Wentz 2018,PHI,401.0,3.0,2.0,15.0,3.8,57.0,14.4,2.3,124.0,44.0,31.0,106.0,23.7,,,,,,,,,,,,Regular,12.0,62.0,17.8,488.0,58.5,39.8,1.8,0.0,3.1,62.6,-13.8,2018.0,PHI 2018,PHI,2018,9,7,0,0.563,19,25,1,1,0,0,0
23,Nick Foles 2018,PHI,195.0,3.0,2.0,8.0,4.2,20.0,10.5,2.4,38.0,19.0,16.0,44.0,21.4,,,,,,,,,,,,Regular/Playoffs,,66.56493506493507,308.0,230.0,42.3,34.2,2.9000000000000004,0.0,0.9,66.46298701298701,-3.4000000000000004,2018.0,PHI 2018,PHI,2018,9,7,0,0.563,19,25,1,1,0,0,0
24,Jameis Winston 2018,TB,378.0,5.0,1.0,18.0,4.8,60.0,16.1,2.4,84.0,43.0,29.0,99.0,22.4,,,,,,,,,,,,Regular,8.0,66.2,28.6,485.0,65.6,37.8,10.8,0.0,5.4,69.7,-11.6,2018.0,TB 2018,TB,2018,5,11,0,0.313,-68,5,0,0,0,0,0
25,Ryan Fitzpatrick 2018,TB,246.0,6.0,0.0,8.0,3.3,36.0,15.0,2.4,76.0,24.0,27.0,65.0,23.0,,,,,,,,,,,,Regular,,61.0,10.8,310.0,33.0,23.6,3.3,0.0,1.0,62.1,-5.0,2018.0,TB 2018,TB,2018,5,11,0,0.313,-68,5,0,0,0,0,0
26,Sam Darnold 2018,NYJ,414.0,24.0,1.0,19.0,4.9,75.0,19.3,2.4,107.0,69.0,12.0,111.0,24.2,,,,,,,,,,,,Regular,28.0,45.9,-6.6,510.0,36.6,23.5,3.3,0.0,-1.1,45.5,-10.9,2018.0,NYJ 2018,NYJ,2018,4,12,0,0.25,-108,3,0,0,0,0,0
27,Josh McCown 2018,NYJ,110.0,3.0,1.0,7.0,6.6,24.0,22.6,2.3,47.0,8.0,14.0,29.0,23.8,,,,,,,,,,,,,,,,,,,,,,,,2018.0,NYJ 2018,NYJ,2018,4,12,0,0.25,-108,3,0,0,0,0,0
28,Blake Bortles 2018,JAX,403.0,12.0,0.0,24.0,6.1,70.0,17.9,2.4,128.0,30.0,31.0,92.0,19.4,,,,,,,,,,,,Regular,30.0,43.4,-12.2,515.0,30.5,9.3,11.6,0.0,-1.6,41.7,-11.2,2018.0,JAX 2018,JAX,2018,5,11,0,0.313,-71,7,0,0,0,0,0
29,Cody Kessler 2018,JAX,131.0,10.0,0.0,9.0,7.4,18.0,14.9,2.5,42.0,27.0,13.0,62.0,36.9,,,,,,,,,,,,,,,,,,,,,,,,2018.0,JAX 2018,JAX,2018,5,11,0,0.313,-71,7,0,0,0,0,0
30,Andy Dalton 2018,CIN,365.0,9.0,3.0,18.0,5.1,55.0,15.6,2.3,100.0,54.0,15.0,90.0,22.6,,,,,,,,,,,,Regular,15.0,59.4,15.4,433.0,50.6,35.4,2.0,0.0,3.4,62.3,-9.8,2018.0,CIN 2018,CIN,2018,6,10,0,0.375,-87,11,0,0,0,0,0
31,Jeff Driskel 2018,CIN,176.0,5.0,0.0,12.0,7.0,37.0,21.6,2.4,57.0,9.0,16.0,41.0,20.2,,,,,,,,,,,,,,,,,,,,,,,,2018.0,CIN 2018,CIN,2018,6,10,0,0.375,-87,11,0,0,0,0,0
32,Marcus Mariota 2018,TEN,331.0,12.0,0.0,15.0,4.7,53.0,16.6,2.4,108.0,59.0,14.0,115.0,28.3,,,,,,,,,,,,Regular,19.5,53.2,0.8,471.0,42.2,14.6,6.7,0.0,4.8,50.6,-16.1,2018.0,TEN 2018,TEN,2018,9,7,0,0.563,7,19,0,0,0,0,0
33,Blaine Gabbert 2018,TEN,101.0,2.0,0.0,4.0,4.0,24.0,24.2,2.1,28.0,9.0,2.0,16.0,15.1,,,,,,,,,,,,,,,,,,,,,,,,2018.0,TEN 2018,TEN,2018,9,7,0,0.563,7,19,0,0,0,0,0
34,Joe Flacco 2018,BAL,379.0,9.0,3.0,22.0,6.0,65.0,17.7,2.3,116.0,47.0,22.0,85.0,21.3,,,,,,,,,,,,Regular,18.0,54.8,7.9,441.0,43.4,30.1,2.9,0.0,4.6,56.3,-5.8,2018.0,BAL 2018,BAL,2018,10,6,0,0.625,102,22,1,0,0,0,0
35,Lamar Jackson 2018,BAL,170.0,6.0,0.0,7.0,4.3,34.0,20.7,2.5,51.0,33.0,9.0,58.0,28.3,,,,,,,,,,,,Regular/Playoffs,31.0,38.89109947643979,382.0,338.0,25.7,3.8999999999999995,12.600000000000001,0.0,0.4,41.96910994764398,-8.7,2018.0,BAL 2018,BAL,2018,10,6,0,0.625,102,22,1,0,0,0,0
36,Josh Rosen 2018,ARI,393.0,22.0,1.0,21.0,5.7,76.0,20.5,2.3,106.0,39.0,38.0,122.0,27.0,,,,,,,,,,,,Regular,33.0,24.1,-38.7,491.0,7.9,-13.6,3.3,0.0,1.2,24.7,-17.0,2018.0,ARI 2018,ARI,2018,3,13,0,0.188,-200,1,0,0,0,0,0
37,Sam Bradford 2018,ARI,80.0,2.0,0.0,5.0,6.4,11.0,14.1,2.2,17.0,8.0,9.0,23.0,26.4,,,,,,,,,,,,,,,,,,,,,,,,2018.0,ARI 2018,ARI,2018,3,13,0,0.188,-200,1,0,0,0,0,0
38,Nick Mullens 2018,SF,274.0,13.0,4.0,12.0,4.7,34.0,13.2,2.3,79.0,32.0,41.0,90.0,30.8,,,,,,,,,,,,Regular,21.0,51.7,3.6,334.0,29.0,23.6,-2.8,0.0,1.8,53.8,-6.4,2018.0,SF 2018,SF,2018,4,12,0,0.25,-93,2,0,0,0,0,0
39,C.J. Beathard 2018,SF,169.0,5.0,0.0,10.0,6.1,27.0,16.5,2.3,62.0,10.0,18.0,46.0,23.2,,,,,,,,,,,,,,,,,,,,,,,,2018.0,SF 2018,SF,2018,4,12,0,0.25,-93,2,0,0,0,0,0
40,Jimmy Garoppolo 2018,SF,89.0,2.0,0.0,5.0,5.7,16.0,18.4,2.4,21.0,16.0,4.0,33.0,30.8,,,,,,,,,,,,,,,,,,,,,,,,2018.0,SF 2018,SF,2018,4,12,0,0.25,-93,2,0,0,0,0,0
41,Alex Smith 2018,WAS,328.0,14.0,2.0,15.0,4.8,56.0,17.9,2.4,82.0,51.0,23.0,96.0,25.9,,,,,,,,,,,,Regular,26.0,46.9,1.6,422.0,35.0,17.8,5.5,0.0,2.9,51.4,-8.8,2018.0,WAS 2018,WAS,2018,7,9,0,0.438,-78,15,0,0,0,0,0
42,Josh Johnson 2018,WAS,91.0,6.0,0.0,8.0,9.4,12.0,14.1,2.6,36.0,18.0,6.0,33.0,29.2,,,,,,,,,,,,,,,,,,,,,,,,2018.0,WAS 2018,WAS,2018,7,9,0,0.438,-78,15,0,0,0,0,0
43,Colt McCoy 2018,WAS,54.0,0.0,2.0,0.0,0.0,7.0,13.5,2.3,6.0,8.0,3.0,17.0,25.4,,,,,,,,,,,,,,,,,,,,,,,,2018.0,WAS 2018,WAS,2018,7,9,0,0.438,-78,15,0,0,0,0,0
44,Josh Allen 2018,BUF,320.0,17.0,0.0,18.0,5.9,78.0,25.7,2.4,126.0,54.0,33.0,115.0,29.2,,,,,,,,,,,,Regular,24.0,49.8,-0.3,461.0,35.6,-1.8,24.1,0.0,3.5,49.8,-9.7,2018.0,BUF 2018,BUF,2018,6,10,0,0.375,-105,9,0,0,0,0,0
45,Derek Anderson 2018,BUF,70.0,1.0,0.0,3.0,4.3,12.0,17.4,2.4,18.0,14.0,5.0,24.0,32.0,,,,,,,,,,,,,,,,,,,,,,,,2018.0,BUF 2018,BUF,2018,6,10,0,0.375,-105,9,0,0,0,0,0
46,Nathan Peterman 2018,BUF,81.0,3.0,0.0,3.0,3.8,15.0,19.2,2.4,32.0,12.0,7.0,26.0,27.1,,,,,,,,,,,,,,,,,,,,,,,,2018.0,BUF 2018,BUF,2018,6,10,0,0.375,-105,9,0,0,0,0,0
47,Ryan Tannehill 2018,MIA,274.0,9.0,1.0,11.0,4.2,41.0,15.5,2.4,97.0,30.0,32.0,97.0,30.7,,,,,,,,,,,,Regular,32.0,33.2,-20.6,363.0,13.4,-6.3,3.6,0.0,0.8,31.0,-15.3,2018.0,MIA 2018,MIA,2018,7,9,0,0.438,-114,13,0,0,0,0,0
48,Brock Osweiler 2018,MIA,178.0,11.0,1.0,5.0,3.0,29.0,17.5,2.3,41.0,31.0,11.0,59.0,29.6,,,,,,,,,,,,,,,,,,,,,,,,2018.0,MIA 2018,MIA,2018,7,9,0,0.438,-114,13,0,0,0,0,0
49,Jameis Winston 2019,TB,626.0,22.0,2.0,23.0,3.8,124.0,20.6,2.5,241.0,60.0,54.0,161.0,22.9,11.0,421.0,69.9,9.0,82.0,8.0,80.0,1.0,2.0,93.0,1133.0,Regular,17.0,55.7,20.1,772.0,78.4,48.7,9.0,0.0,2.6,59.1,-18.3,2019.0,TB 2019,TB,2019,7,9,0,0.438,9,14,0,0,0,0,0
50,Dak Prescott 2019,DAL,596.0,14.0,1.0,36.0,6.2,86.0,14.8,2.6,155.0,40.0,57.0,120.0,18.8,9.0,451.0,77.6,54.0,453.0,45.0,383.0,9.0,70.0,129.0,1239.0,Regular,4.0,71.9,48.1,690.0,93.1,70.7,10.0,0.0,2.6,72.8,-9.7,2019.0,DAL 2019,DAL,2019,8,8,0,0.5,113,17,0,0,0,0,0
51,Jared Goff 2019,LAR,626.0,15.0,1.0,27.0,4.4,123.0,20.2,2.6,219.0,52.0,48.0,122.0,18.5,17.0,437.0,71.6,2.0,3.0,0.0,0.0,2.0,3.0,182.0,1564.0,Regular,22.0,50.6,0.5,734.0,57.5,54.4,-7.3,0.0,1.6,50.2,-8.8,2019.0,LAR 2019,LAR,2019,9,7,0,0.563,30,20,0,0,0,0,0
52,Philip Rivers 2019,LAC,591.0,16.0,3.0,25.0,4.4,88.0,15.4,2.5,114.0,40.0,56.0,130.0,20.6,13.0,439.0,76.7,36.0,403.0,36.0,403.0,0.0,0.0,90.0,861.0,Regular,23.0,50.5,1.5,691.0,57.1,39.7,-3.4,0.0,4.1,50.8,-16.7,2019.0,LAC 2019,LAC,2019,5,11,0,0.313,-8,6,0,0,0,0,0
53,Matt Ryan 2019,ATL,616.0,27.0,1.0,17.0,2.9,86.0,14.6,2.5,199.0,54.0,62.0,164.0,23.9,19.0,443.0,75.3,31.0,253.0,31.0,253.0,0.0,0.0,108.0,827.0,Regular,14.0,59.6,22.3,748.0,75.1,45.4,5.4,0.0,5.7,60.4,-18.6,2019.0,ATL 2019,ATL,2019,7,9,0,0.438,-18,16,0,0,0,0,0
54,Matt Schaub 2019,ATL,67.0,1.0,2.0,0.0,0.0,10.0,15.6,2.2,17.0,2.0,6.0,10.0,14.5,0.0,50.0,78.1,2.0,0.0,2.0,0.0,0.0,0.0,13.0,143.0,Regular,,80.2,8.3,76.0,8.3,7.2,0.0,0.0,0.5,82.4,-0.6,2019.0,ATL 2019,ATL,2019,7,9,0,0.438,-18,16,0,0,0,0,0
55,Russell Wilson 2019,SEA,516.0,20.0,3.0,17.0,3.4,91.0,18.5,2.5,221.0,71.0,57.0,176.0,28.9,9.0,376.0,76.3,51.0,377.0,38.0,344.0,9.0,33.0,117.0,1059.0,Regular/Playoffs,5.0,73.59211563731932,761.0,674.0,108.10000000000001,68.6,15.6,0.0,1.5,72.88055190538765,-22.8,2019.0,SEA 2019,SEA,2019,11,5,0,0.688,7,27,1,1,0,0,0
56,Tom Brady 2019,NE,613.0,40.0,0.0,34.0,5.9,118.0,20.6,2.5,198.0,55.0,37.0,119.0,18.5,6.0,419.0,73.1,21.0,119.0,21.0,119.0,0.0,0.0,124.0,980.0,Regular/Playoffs,17.0,54.923319615912206,729.0,691.0,63.8,42.6,4.5,0.0,5.4,53.96310013717421,-11.0,2019.0,NE 2019,NE,2019,12,4,0,0.75,195,23,1,0,0,0,0
57,Carson Wentz 2019,PHI,607.0,10.0,1.0,28.0,4.7,106.0,17.8,2.4,184.0,67.0,53.0,157.0,23.4,16.0,431.0,72.3,79.0,447.0,68.0,396.0,7.0,51.0,149.0,1062.0,Regular/Playoffs,11.0,62.33901464713715,751.0,745.0,89.9,60.4,7.7,0.0,5.8,64.3294274300932,-15.7,2019.0,PHI 2019,PHI,2019,9,7,0,0.563,31,21,1,0,0,0,0
58,Patrick Mahomes 2019,KC,484.0,19.0,0.0,25.0,5.4,85.0,18.3,2.5,108.0,54.0,34.0,105.0,20.0,6.0,359.0,77.2,71.0,497.0,64.0,469.0,6.0,28.0,115.0,908.0,Regular/Playoffs,2.0,80.00177353342428,733.0,585.0,129.9,92.5,20.8,0.0,5.0,81.43929058663029,-8.5,2019.0,KC 2019,KC,2019,12,4,0,0.75,143,32,1,1,1,1,1
59,Matt Moore 2019,KC,91.0,1.0,1.0,3.0,3.4,15.0,16.9,2.4,21.0,6.0,11.0,25.0,25.0,3.0,68.0,76.4,14.0,137.0,13.0,137.0,0.0,0.0,30.0,343.0,Regular,,57.5,1.1,103.0,9.6,6.7,-0.9,0.0,0.2,53.8,-3.6,2019.0,KC 2019,KC,2019,12,4,0,0.75,143,32,1,1,1,1,1
60,Aaron Rodgers 2019,GB,569.0,31.0,1.0,24.0,4.5,114.0,21.2,2.6,154.0,57.0,45.0,138.0,21.9,3.0,401.0,74.7,32.0,107.0,30.0,107.0,0.0,0.0,124.0,966.0,Regular/Playoffs,20.0,53.59987029831388,771.0,691.0,73.10000000000001,43.6,8.9,0.0,1.1,56.22256809338521,-18.7,2019.0,GB 2019,GB,2019,13,3,0,0.813,63,30,1,1,1,0,0
61,Jimmy Garoppolo 2019,SF,476.0,7.0,2.0,28.0,6.0,64.0,13.7,2.4,201.0,41.0,32.0,109.0,20.8,6.0,377.0,80.7,24.0,349.0,23.0,349.0,0.0,0.0,125.0,1438.0,Regular/Playoffs,12.0,59.15585585585585,666.0,593.0,74.2,51.3,-0.5,0.0,5.0,60.09414414414414,-18.2,2019.0,SF 2019,SF,2019,13,3,0,0.813,169,31,1,1,1,1,0
62,Deshaun Watson 2019,HOU,495.0,15.0,2.0,21.0,4.4,80.0,16.7,2.5,167.0,47.0,39.0,130.0,22.3,6.0,367.0,76.8,92.0,637.0,65.0,517.0,25.0,120.0,94.0,813.0,Regular/Playoffs,7.0,70.60051746442431,773.0,662.0,102.1,58.8,18.900000000000002,0.0,1.4,69.97943078913325,-23.0,2019.0,HOU 2019,HOU,2019,10,6,0,0.625,-7,26,1,1,0,0,0
63,Baker Mayfield 2019,CLE,534.0,19.0,2.0,30.0,5.8,93.0,18.1,2.3,211.0,65.0,24.0,129.0,21.8,20.0,362.0,70.6,60.0,470.0,58.0,471.0,1.0,-1.0,125.0,1128.0,Regular,19.0,54.4,2.3,664.0,54.4,22.4,9.5,0.0,5.0,51.2,-17.6,2019.0,CLE 2019,CLE,2019,6,10,0,0.375,-58,10,0,0,0,0,0
64,Kyler Murray 2019,ARI,542.0,24.0,4.0,17.0,3.3,92.0,17.9,2.3,151.0,63.0,16.0,127.0,20.6,18.0,378.0,73.5,108.0,780.0,70.0,536.0,33.0,244.0,116.0,938.0,Regular,15.0,57.7,16.2,709.0,71.6,37.3,13.4,0.0,3.0,58.0,-17.8,2019.0,ARI 2019,ARI,2019,5,10,1,0.344,-81,8,0,0,0,0,0
65,Kirk Cousins 2019,MIN,444.0,24.0,0.0,17.0,4.0,65.0,15.5,2.7,107.0,48.0,30.0,106.0,22.0,9.0,332.0,79.0,1.0,46.0,1.0,46.0,0.0,0.0,124.0,1235.0,Regular/Playoffs,13.0,61.24967213114755,610.0,537.0,67.2,50.2,-1.7000000000000002,0.0,5.1,62.011147540983615,-13.2,2019.0,MIN 2019,MIN,2019,10,6,0,0.625,104,25,1,1,0,0,0
66,Ryan Fitzpatrick 2019,MIA,502.0,7.0,3.0,28.0,5.7,87.0,17.7,2.3,192.0,48.0,66.0,154.0,26.7,15.0,358.0,72.8,15.0,75.0,13.0,75.0,0.0,0.0,66.0,564.0,Regular,8.0,68.3,30.2,620.0,70.7,47.6,6.3,0.0,3.7,66.6,-13.1,2019.0,MIA 2019,MIA,2019,5,11,0,0.313,-188,5,0,0,0,0,0
67,Josh Rosen 2019,MIA,109.0,1.0,0.0,8.0,7.4,24.0,22.2,2.4,28.0,16.0,15.0,47.0,36.7,7.0,73.0,67.6,11.0,26.0,10.0,26.0,0.0,0.0,15.0,40.0,,,,,,,,,,,,,2019.0,MIA 2019,MIA,2019,5,11,0,0.313,-188,5,0,0,0,0,0
68,Andy Dalton 2019,CIN,528.0,17.0,7.0,27.0,5.4,92.0,18.3,2.3,188.0,36.0,24.0,97.0,16.9,14.0,362.0,71.8,38.0,206.0,33.0,198.0,5.0,8.0,103.0,692.0,Regular,27.0,42.1,-20.1,632.0,30.3,12.8,1.6,0.0,3.0,38.9,-12.9,2019.0,CIN 2019,CIN,2019,2,14,0,0.125,-141,1,0,0,0,0,0
69,Ryan Finley 2019,CIN,87.0,3.0,0.0,4.0,4.8,19.0,22.6,2.7,40.0,19.0,7.0,37.0,35.6,2.0,52.0,61.9,3.0,1.0,2.0,0.0,1.0,1.0,14.0,131.0,,,,,,,,,,,,,2019.0,CIN 2019,CIN,2019,2,14,0,0.125,-141,1,0,0,0,0,0
70,Kyle Allen 2019,CAR,489.0,25.0,1.0,28.0,6.0,77.0,16.6,2.4,131.0,50.0,28.0,124.0,22.4,14.0,353.0,76.2,56.0,446.0,52.0,439.0,2.0,7.0,103.0,787.0,Regular,29.0,38.3,-17.4,588.0,28.0,5.3,0.7,0.0,2.1,39.7,-19.9,2019.0,CAR 2019,CAR,2019,5,11,0,0.313,-130,7,0,0,0,0,0
71,Cam Newton 2019,CAR,89.0,2.0,1.0,3.0,3.5,26.0,30.2,2.2,43.0,12.0,5.0,23.0,24.0,2.0,54.0,62.8,15.0,116.0,12.0,116.0,2.0,0.0,22.0,195.0,,,,,,,,,,,,,2019.0,CAR 2019,CAR,2019,5,11,0,0.313,-130,7,0,0,0,0,0
72,Will Grier 2019,CAR,52.0,3.0,0.0,2.0,4.1,11.0,22.4,2.4,9.0,12.0,2.0,20.0,31.7,1.0,31.0,63.3,2.0,0.0,2.0,0.0,0.0,0.0,7.0,60.0,,,,,,,,,,,,,2019.0,CAR 2019,CAR,2019,5,11,0,0.313,-130,7,0,0,0,0,0
73,Gardner Minshew II 2019,JAX,470.0,18.0,1.0,24.0,5.3,84.0,18.6,2.4,147.0,55.0,29.0,117.0,21.2,8.0,332.0,73.6,19.0,197.0,16.0,194.0,2.0,3.0,58.0,658.0,,,,,,,,,,,,,2019.0,JAX 2019,JAX,2019,6,10,0,0.375,-97,9,0,0,0,0,0
74,Nick Foles 2019,JAX,117.0,5.0,0.0,4.0,3.6,13.0,11.6,2.3,27.0,7.0,5.0,20.0,15.7,2.0,88.0,78.6,6.0,36.0,5.0,23.0,1.0,13.0,14.0,92.0,,,,,,,,,,,,,2019.0,JAX 2019,JAX,2019,6,10,0,0.375,-97,9,0,0,0,0,0
75,Mitchell Trubisky 2019,CHI,516.0,7.0,3.0,28.0,5.5,93.0,18.4,2.3,140.0,56.0,32.0,126.0,21.9,8.0,377.0,74.5,40.0,203.0,26.0,132.0,14.0,71.0,86.0,692.0,,,,,,,,,,,,,2019.0,CHI 2019,CHI,2019,8,8,0,0.5,-18,19,0,0,0,0,0
76,Chase Daniel 2019,CHI,64.0,0.0,0.0,4.0,6.3,9.0,14.1,2.5,12.0,8.0,5.0,20.0,27.8,1.0,51.0,79.7,4.0,26.0,4.0,26.0,0.0,0.0,14.0,82.0,Regular,,59.6,3.7,82.0,9.4,7.9,-0.1,0.0,-0.2,65.5,-1.9,2019.0,CHI 2019,CHI,2019,8,8,0,0.5,-18,19,0,0,0,0,0
77,Lamar Jackson 2019,BAL,401.0,11.0,2.0,14.0,3.6,68.0,17.5,2.6,138.0,31.0,21.0,75.0,16.2,12.0,295.0,76.0,173.0,1259.0,77.0,588.0,92.0,671.0,116.0,892.0,Regular/Playoffs,1.0,76.52846924177396,699.0,613.0,106.10000000000001,55.8,41.2,0.0,2.2,76.28369098712446,-8.3,2019.0,BAL 2019,BAL,2019,14,2,0,0.875,249,28,1,1,0,0,0
78,Josh Allen 2019,BUF,461.0,25.0,3.0,31.0,7.2,88.0,20.3,2.3,201.0,45.0,43.0,126.0,23.2,10.0,317.0,73.2,42.0,267.0,32.0,240.0,8.0,27.0,93.0,787.0,Regular/Playoffs,24.0,48.80772532188841,699.0,639.0,55.6,21.5,12.7,0.0,2.6,47.53090128755365,-19.299999999999997,2019.0,BUF 2019,BUF,2019,10,6,0,0.625,55,22,1,0,0,0,0
79,Matt Barkley 2019,BUF,51.0,0.0,1.0,5.0,10.0,9.0,18.0,2.2,24.0,2.0,1.0,5.0,9.4,3.0,34.0,68.0,0.0,0.0,0.0,0.0,0.0,0.0,10.0,106.0,,,,,,,,,,,,,2019.0,BUF 2019,BUF,2019,10,6,0,0.625,55,22,1,0,0,0,0
80,Daniel Jones 2019,NYG,459.0,12.0,0.0,17.0,3.8,80.0,17.9,2.5,131.0,48.0,66.0,152.0,29.0,6.0,318.0,71.1,37.0,325.0,28.0,297.0,5.0,28.0,75.0,639.0,Regular,17.0,55.7,11.5,577.0,55.1,22.2,11.6,0.0,4.0,57.0,-17.4,2019.0,NYG 2019,NYG,2019,4,12,0,0.25,-110,4,0,0,0,0,0
81,Eli Manning 2019,NYG,147.0,4.0,0.0,4.0,2.8,28.0,19.6,2.4,37.0,10.0,8.0,23.0,15.0,4.0,106.0,74.1,14.0,112.0,14.0,112.0,0.0,0.0,34.0,282.0,,,,,,,,,,,,,2019.0,NYG 2019,NYG,2019,4,12,0,0.25,-110,4,0,0,0,0,0
82,Sam Darnold 2019,NYJ,441.0,23.0,2.0,25.0,6.0,74.0,17.8,2.5,166.0,63.0,39.0,135.0,28.0,10.0,313.0,75.2,35.0,241.0,32.0,235.0,2.0,6.0,92.0,675.0,Regular,25.0,45.6,-9.7,525.0,31.6,17.4,-3.0,0.0,3.6,43.5,-13.7,2019.0,NYJ 2019,NYJ,2019,7,9,0,0.438,-83,11,0,0,0,0,0
83,Luke Falk 2019,NYJ,73.0,2.0,0.0,4.0,5.6,11.0,15.5,2.4,33.0,12.0,9.0,37.0,41.6,3.0,53.0,74.6,3.0,22.0,3.0,22.0,0.0,0.0,14.0,113.0,,,,,,,,,,,,,2019.0,NYJ 2019,NYJ,2019,7,9,0,0.438,-83,11,0,0,0,0,0
84,Drew Brees 2019,NO,378.0,9.0,5.0,13.0,3.6,39.0,10.7,2.3,114.0,25.0,17.0,54.0,13.8,4.0,306.0,84.1,2.0,27.0,2.0,27.0,0.0,0.0,53.0,492.0,Regular/Playoffs,3.0,71.30437636761488,457.0,419.0,66.5,54.800000000000004,1.8,0.0,1.9,73.88730853391687,-8.0,2019.0,NO 2019,NO,2019,13,3,0,0.813,117,24,1,0,0,0,0
85,Teddy Bridgewater 2019,NO,196.0,9.0,0.0,16.0,8.6,22.0,11.8,2.5,46.0,22.0,10.0,44.0,20.0,4.0,152.0,81.3,0.0,0.0,0.0,0.0,0.0,0.0,29.0,360.0,Regular,,50.9,-2.0,239.0,17.6,13.8,-1.3,0.0,-0.6,47.1,-5.7,2019.0,NO 2019,NO,2019,13,3,0,0.813,117,24,1,0,0,0,0
86,Jacoby Brissett 2019,IND,447.0,21.0,3.0,24.0,5.7,78.0,18.4,2.6,135.0,56.0,54.0,137.0,27.0,12.0,315.0,74.5,60.0,343.0,50.0,305.0,9.0,38.0,110.0,827.0,Regular,21.0,52.1,6.6,564.0,52.2,27.9,6.7,0.0,6.4,54.1,-11.2,2019.0,IND 2019,IND,2019,7,9,0,0.438,-12,13,0,0,0,0,0
87,Brian Hoyer 2019,IND,65.0,1.0,0.0,3.0,4.7,14.0,21.9,2.5,30.0,7.0,7.0,19.0,26.4,0.0,45.0,70.3,3.0,30.0,3.0,30.0,0.0,0.0,9.0,80.0,,,,,,,,,,,,,2019.0,IND 2019,IND,2019,7,9,0,0.438,-12,13,0,0,0,0,0
88,Ryan Tannehill 2019,TEN,286.0,5.0,3.0,9.0,3.2,35.0,12.6,2.6,104.0,25.0,24.0,80.0,24.1,6.0,225.0,80.9,7.0,90.0,5.0,85.0,2.0,5.0,74.0,1095.0,Regular/Playoffs,9.0,65.02260869565217,460.0,374.0,54.099999999999994,22.700000000000003,11.6,0.0,2.3,65.59217391304348,-15.799999999999999,2019.0,TEN 2019,TEN,2019,9,7,0,0.563,71,29,1,1,1,0,0
89,Marcus Mariota 2019,TEN,160.0,9.0,2.0,10.0,6.7,31.0,20.8,2.4,57.0,23.0,12.0,60.0,30.3,2.0,107.0,71.8,19.0,165.0,14.0,147.0,5.0,18.0,42.0,473.0,Playoffs,,90.5,0.2,2.0,0.4,0.2,0.2,0.0,0.0,85.4,0.0,2019.0,TEN 2019,TEN,2019,9,7,0,0.563,71,29,1,1,1,0,0
90,Matthew Stafford 2019,DET,291.0,5.0,2.0,9.0,3.2,59.0,20.8,2.4,87.0,23.0,20.0,61.0,19.1,5.0,201.0,70.8,14.0,90.0,8.0,52.0,5.0,38.0,69.0,672.0,Regular,6.0,71.3,27.0,353.0,56.1,44.5,1.6,0.0,1.9,74.7,-8.0,2019.0,DET 2019,DET,2019,3,12,1,0.219,-82,3,0,0,0,0,0
91,David Blough 2019,DET,174.0,6.0,0.0,8.0,4.8,43.0,25.6,2.6,63.0,18.0,12.0,44.0,22.7,6.0,101.0,60.1,2.0,0.0,2.0,0.0,0.0,0.0,31.0,220.0,,,,,,,,,,,,,2019.0,DET 2019,DET,2019,3,12,1,0.219,-82,3,0,0,0,0,0
92,Jeff Driskel 2019,DET,105.0,5.0,2.0,3.0,3.1,23.0,23.5,2.6,26.0,18.0,15.0,44.0,34.4,2.0,68.0,69.4,8.0,40.0,0.0,0.0,8.0,40.0,14.0,44.0,,,,,,,,,,,,,2019.0,DET 2019,DET,2019,3,12,1,0.219,-82,3,0,0,0,0,0
93,Joe Flacco 2019,DEN,262.0,12.0,1.0,15.0,6.0,40.0,16.1,2.4,76.0,41.0,14.0,81.0,27.6,9.0,194.0,77.9,4.0,16.0,4.0,16.0,0.0,0.0,38.0,287.0,Regular,,50.8,0.4,315.0,25.5,9.4,2.2,0.0,2.3,50.4,-11.6,2019.0,DEN 2019,DEN,2019,7,9,0,0.438,-34,15,0,0,0,0,0
94,Drew Lock 2019,DEN,156.0,4.0,0.0,9.0,5.9,27.0,17.8,2.6,47.0,16.0,18.0,39.0,22.7,1.0,111.0,73.0,13.0,91.0,12.0,91.0,0.0,0.0,31.0,284.0,,,,,,,,,,,,,2019.0,DEN 2019,DEN,2019,7,9,0,0.438,-34,15,0,0,0,0,0
95,Brandon Allen 2019,DEN,84.0,9.0,0.0,3.0,4.0,18.0,24.0,2.3,30.0,5.0,4.0,18.0,18.4,2.0,51.0,68.0,8.0,25.0,7.0,14.0,1.0,11.0,24.0,273.0,,,,,,,,,,,,,2019.0,DEN 2019,DEN,2019,7,9,0,0.438,-34,15,0,0,0,0,0
96,Mason Rudolph 2019,PIT,283.0,14.0,0.0,16.0,5.9,54.0,20.1,2.6,113.0,35.0,30.0,80.0,26.0,4.0,192.0,71.4,14.0,89.0,13.0,88.0,1.0,1.0,39.0,165.0,Regular,30.0,36.2,-12.9,336.0,16.9,7.2,-1.3,0.0,3.2,36.8,-7.8,2019.0,PIT 2019,PIT,2019,8,8,0,0.5,-14,18,0,0,0,0,0
97,Devlin Hodges 2019,PIT,160.0,15.0,0.0,9.0,6.2,28.0,19.3,2.5,73.0,15.0,13.0,43.0,23.5,2.0,112.0,77.2,14.0,67.0,12.0,68.0,2.0,-1.0,18.0,116.0,,,,,,,,,,,,,2019.0,PIT 2019,PIT,2019,8,8,0,0.5,-14,18,0,0,0,0,0
98,Ben Roethlisberger 2019,PIT,62.0,0.0,0.0,7.0,11.3,12.0,19.4,2.3,17.0,14.0,2.0,18.0,27.7,2.0,44.0,71.0,0.0,0.0,0.0,0.0,0.0,0.0,1.0,8.0,,,,,,,,,,,,,2019.0,PIT 2019,PIT,2019,8,8,0,0.5,-14,18,0,0,0,0,0
99,Case Keenum 2019,WAS,247.0,7.0,2.0,12.0,5.0,41.0,17.2,2.5,64.0,35.0,27.0,77.0,29.1,6.0,173.0,72.7,14.0,51.0,14.0,51.0,0.0,0.0,48.0,425.0,,,,,,,,,,,,,2019.0,WAS 2019,WAS,2019,3,13,0,0.188,-169,2,0,0,0,0,0
100,Dwayne Haskins 2019,WAS,203.0,6.0,1.0,14.0,7.1,38.0,19.4,2.6,75.0,30.0,17.0,76.0,31.1,4.0,145.0,74.0,7.0,35.0,6.0,35.0,0.0,0.0,40.0,335.0,,,,,,,,,,,,,2019.0,WAS 2019,WAS,2019,3,13,0,0.188,-169,2,0,0,0,0,0
101,Deshaun Watson 2020,HOU,544.0,19.0,2.0,19.0,3.6,79.0,15.1,2.5,168.0,75.0,47.0,171.0,26.1,5.0,420.0,80.3,73.0,598.0,56.0,519.0,13.0,79.0,81.0,834.0,Regular,12.0,63.7,31.9,715.0,99.6,85.9,12.0,0.0,1.7,65.3,-19.5,2020.0,HOU 2020,HOU,2020,4,12,0,0.25,-80,3,0,0,0,0,0
102,Patrick Mahomes 2020,KC,588.0,20.0,1.0,28.0,4.9,100.0,17.6,2.6,141.0,62.0,59.0,143.0,22.0,8.0,436.0,76.9,100.0,770.0,94.0,756.0,4.0,14.0,144.0,1068.0,Regular/Playoffs,2.0,77.65266272189348,845.0,710.0,157.4,131.7,22.5,0.0,2.9,79.48934911242604,-10.1,2020.0,KC 2020,KC,2020,14,2,0,0.875,111,31,1,1,1,1,0
103,Tom Brady 2020,TB,610.0,13.0,4.0,31.0,5.2,122.0,20.6,2.4,161.0,34.0,58.0,113.0,17.8,4.0,438.0,73.9,15.0,110.0,14.0,110.0,1.0,0.0,110.0,1119.0,Regular/Playoffs,9.0,67.53627684964201,838.0,681.0,119.2,112.9,-2.4000000000000004,0.0,7.3,67.13747016706444,-11.5,2020.0,TB 2020,TB,2020,11,5,0,0.688,137,32,1,1,1,1,1
104,Matt Ryan 2020,ATL,626.0,18.0,1.0,33.0,5.4,89.0,14.7,2.6,204.0,55.0,70.0,166.0,24.3,6.0,458.0,75.5,18.0,166.0,16.0,166.0,0.0,0.0,152.0,1432.0,Regular,16.0,59.8,23.6,731.0,90.1,80.6,4.7,0.0,4.9,61.2,-17.4,2020.0,ATL 2020,ATL,2020,4,12,0,0.25,-18,4,0,0,0,0,0
105,Josh Allen 2020,BUF,572.0,22.0,0.0,25.0,4.5,88.0,16.0,2.6,244.0,64.0,47.0,137.0,21.9,4.0,435.0,79.1,82.0,617.0,62.0,547.0,18.0,70.0,160.0,1501.0,Regular/Playoffs,3.0,74.00135900339751,883.0,729.0,147.6,125.3,18.5,0.0,3.5,74.4048697621744,-14.9,2020.0,BUF 2020,BUF,2020,13,3,0,0.813,126,30,1,1,1,0,0
106,Justin Herbert 2020,LAC,595.0,7.0,4.0,23.0,3.9,105.0,18.0,2.4,170.0,85.0,70.0,187.0,28.7,7.0,447.0,76.5,32.0,196.0,20.0,115.0,10.0,81.0,127.0,1140.0,Regular,13.0,62.6,36.4,699.0,102.3,94.9,3.7,0.0,3.7,67.6,-13.3,2020.0,LAC 2020,LAC,2020,7,9,0,0.438,-42,13,0,0,0,0,0
107,Aaron Rodgers 2020,GB,526.0,23.0,3.0,27.0,5.4,69.0,13.8,2.5,168.0,33.0,28.0,81.0,14.2,3.0,406.0,81.2,42.0,335.0,39.0,323.0,3.0,12.0,145.0,1210.0,Regular/Playoffs,1.0,79.18972895863052,701.0,608.0,129.0,113.10000000000001,10.4,0.0,5.4,80.49272467902995,-9.0,2020.0,GB 2020,GB,2020,13,3,0,0.813,140,29,1,1,1,0,0
108,Kirk Cousins 2020,MIN,516.0,27.0,3.0,18.0,3.7,67.0,13.8,2.6,181.0,56.0,78.0,173.0,30.2,11.0,395.0,81.3,3.0,12.0,2.0,10.0,1.0,2.0,127.0,1286.0,Regular,18.0,55.8,15.7,629.0,76.9,67.6,6.4,0.0,2.9,58.7,-18.2,2020.0,MIN 2020,MIN,2020,7,9,0,0.438,-45,14,0,0,0,0,0
109,Russell Wilson 2020,SEA,558.0,24.0,1.0,27.0,5.1,84.0,15.8,2.6,206.0,65.0,67.0,179.0,27.2,4.0,424.0,79.5,42.0,284.0,33.0,238.0,8.0,46.0,124.0,1047.0,Regular/Playoffs,8.0,64.22169312169312,756.0,716.0,101.4,86.3,10.2,0.0,5.1,62.605291005291,-22.2,2020.0,SEA 2020,SEA,2020,12,4,0,0.75,88,23,1,0,0,0,0
110,Philip Rivers 2020,IND,543.0,14.0,3.0,17.0,3.2,84.0,16.0,2.3,124.0,37.0,37.0,93.0,16.5,11.0,406.0,77.2,44.0,370.0,44.0,370.0,0.0,0.0,86.0,719.0,Regular/Playoffs,19.0,57.448068006182375,647.0,600.0,84.10000000000001,78.8,-0.1,0.0,5.5,59.99041731066461,-8.2,2020.0,IND 2020,IND,2020,11,5,0,0.688,89,21,1,0,0,0,0
111,Matthew Stafford 2020,DET,528.0,7.0,7.0,33.0,6.4,94.0,18.3,2.4,179.0,45.0,39.0,122.0,21.0,7.0,399.0,77.6,27.0,273.0,27.0,273.0,0.0,0.0,105.0,959.0,Regular,15.0,61.3,20.7,626.0,77.3,64.7,9.0,0.0,3.7,61.5,-14.1,2020.0,DET 2020,DET,2020,5,11,0,0.313,-142,7,0,0,0,0,0
112,Kyler Murray 2020,ARI,558.0,25.0,8.0,13.0,2.5,88.0,16.8,2.4,156.0,55.0,24.0,106.0,16.7,14.0,405.0,77.1,171.0,1395.0,121.0,1107.0,43.0,288.0,107.0,877.0,Regular,14.0,61.9,24.7,763.0,99.9,64.5,32.3,0.0,3.1,61.3,-11.8,2020.0,ARI 2020,ARI,2020,8,8,0,0.5,43,16,0,0,0,0,0
113,Jared Goff 2020,LAR,552.0,24.0,2.0,27.0,5.1,84.0,16.0,2.5,185.0,42.0,54.0,119.0,19.9,6.0,413.0,78.5,2.0,11.0,0.0,0.0,2.0,11.0,172.0,1384.0,Regular/Playoffs,23.0,51.98309859154929,710.0,650.0,70.5,62.9,3.1999999999999997,0.0,4.4,49.57183098591549,-14.0,2020.0,LAR 2020,LAR,2020,10,6,0,0.625,76,25,1,1,0,0,0
114,Ryan Tannehill 2020,TEN,481.0,19.0,0.0,20.0,4.3,63.0,13.6,2.5,161.0,36.0,61.0,121.0,23.0,8.0,357.0,77.3,17.0,153.0,9.0,54.0,8.0,99.0,158.0,1541.0,Regular/Playoffs,4.0,72.25865384615385,624.0,594.0,99.6,72.10000000000001,22.5,0.0,5.0,73.34615384615385,-11.799999999999999,2020.0,TEN 2020,TEN,2020,11,5,0,0.688,52,22,1,0,0,0,0
115,Ben Roethlisberger 2020,PIT,608.0,2.0,0.0,39.0,6.4,91.0,15.0,2.1,175.0,42.0,51.0,106.0,17.0,13.0,463.0,76.4,26.0,85.0,25.0,85.0,1.0,0.0,48.0,234.0,Regular/Playoffs,22.0,53.15213333333333,750.0,677.0,80.7,76.39999999999999,-5.1,0.0,9.4,54.06893333333333,-6.4,2020.0,PIT 2020,PIT,2020,12,4,0,0.75,104,24,1,0,0,0,0
116,Teddy Bridgewater 2020,CAR,492.0,19.0,2.0,20.0,4.2,61.0,13.0,2.3,154.0,42.0,38.0,111.0,19.8,5.0,379.0,80.5,22.0,114.0,20.0,107.0,2.0,7.0,91.0,637.0,Regular,17.0,56.8,12.0,607.0,71.7,54.8,12.3,0.0,4.6,57.0,-12.6,2020.0,CAR 2020,CAR,2020,5,11,0,0.313,-52,8,0,0,0,0,0
117,P.J. Walker 2020,CAR,56.0,0.0,0.0,6.0,10.7,13.0,23.2,2.3,23.0,4.0,4.0,12.0,20.0,2.0,37.0,66.1,3.0,20.0,2.0,20.0,0.0,0.0,8.0,21.0,,,,,,,,,,,,,2020.0,CAR 2020,CAR,2020,5,11,0,0.313,-52,8,0,0,0,0,0
118,Baker Mayfield 2020,CLE,486.0,28.0,5.0,21.0,4.6,85.0,18.8,2.7,179.0,49.0,26.0,101.0,18.8,8.0,339.0,74.8,7.0,63.0,5.0,60.0,2.0,3.0,121.0,1141.0,Regular/Playoffs,10.0,66.16902654867258,678.0,597.0,93.1,84.9,4.699999999999999,0.0,3.4,65.08362831858408,-11.2,2020.0,CLE 2020,CLE,2020,11,5,0,0.688,-11,26,1,1,0,0,0
119,Daniel Jones 2020,NYG,448.0,14.0,2.0,23.0,5.3,76.0,17.6,2.5,200.0,56.0,55.0,156.0,30.3,8.0,325.0,75.2,46.0,367.0,28.0,208.0,17.0,159.0,101.0,717.0,Regular,20.0,54.0,-1.0,586.0,57.6,42.7,10.0,0.0,4.8,49.4,-16.9,2020.0,NYG 2020,NYG,2020,6,10,0,0.375,-77,11,0,0,0,0,0
120,Colt McCoy 2020,NYG,66.0,0.0,0.0,5.0,7.6,14.0,21.2,2.4,21.0,6.0,8.0,19.0,25.3,0.0,50.0,75.8,3.0,3.0,3.0,3.0,0.0,0.0,14.0,85.0,,,,,,,,,,,,,2020.0,NYG 2020,NYG,2020,6,10,0,0.375,-77,11,0,0,0,0,0
121,Drew Brees 2020,NO,390.0,7.0,2.0,21.0,5.5,51.0,13.4,2.4,92.0,13.0,33.0,59.0,14.6,3.0,308.0,80.8,5.0,34.0,5.0,34.0,0.0,0.0,55.0,430.0,Regular/Playoffs,6.0,62.99787234042553,517.0,428.0,72.9,70.2,-0.8,0.0,2.8,65.54294003868472,-6.2,2020.0,NO 2020,NO,2020,12,4,0,0.75,145,28,1,1,0,0,0
122,Taysom Hill 2020,NO,121.0,3.0,0.0,6.0,5.1,16.0,13.6,2.7,41.0,10.0,13.0,37.0,24.3,1.0,94.0,79.7,11.0,75.0,4.0,44.0,7.0,31.0,26.0,253.0,Playoffs,,7.7,-0.8,5.0,-0.2,-1.3,0.2,0.0,0.8,8.5,-0.3,2020.0,NO 2020,NO,2020,12,4,0,0.75,145,28,1,1,0,0,0
123,Drew Lock 2020,DEN,443.0,13.0,2.0,25.0,5.8,98.0,22.9,2.6,148.0,53.0,46.0,118.0,24.4,5.0,295.0,68.9,25.0,147.0,21.0,117.0,4.0,30.0,92.0,774.0,Regular,29.0,41.2,-5.1,523.0,44.8,35.9,5.5,0.0,3.4,46.6,-7.8,2020.0,DEN 2020,DEN,2020,5,11,0,0.313,-123,9,0,0,0,0,0
124,Jeff Driskel 2020,DEN,64.0,1.0,0.0,5.0,7.9,15.0,23.8,2.5,47.0,8.0,14.0,33.0,42.3,2.0,43.0,68.3,3.0,38.0,3.0,38.0,0.0,0.0,6.0,55.0,,,,,,,,,,,,,2020.0,DEN 2020,DEN,2020,5,11,0,0.313,-123,9,0,0,0,0,0
125,Lamar Jackson 2020,BAL,376.0,9.0,3.0,20.0,5.5,64.0,17.6,2.5,104.0,49.0,24.0,102.0,22.5,6.0,274.0,75.3,157.0,1301.0,75.0,742.0,76.0,559.0,87.0,767.0,Regular/Playoffs,7.0,67.10329835082459,667.0,585.0,95.60000000000001,54.8,39.0,0.0,1.2,67.94512743628187,-11.7,2020.0,BAL 2020,BAL,2020,11,5,0,0.688,165,27,1,1,0,0,0
126,Joe Burrow 2020,CIN,404.0,8.0,3.0,19.0,4.8,58.0,14.8,2.3,138.0,30.0,47.0,109.0,24.1,4.0,296.0,75.3,38.0,185.0,34.0,170.0,2.0,15.0,78.0,503.0,Regular,24.0,48.5,-4.6,510.0,47.8,46.9,-0.5,0.0,1.5,46.8,-13.3,2020.0,CIN 2020,CIN,2020,4,11,1,0.281,-113,5,0,0,0,0,0
127,Brandon Allen 2020,CIN,142.0,3.0,0.0,8.0,5.8,23.0,16.5,2.3,37.0,4.0,16.0,27.0,17.5,1.0,109.0,78.4,20.0,183.0,18.0,180.0,1.0,3.0,35.0,236.0,,,,,,,,,,,,,2020.0,CIN 2020,CIN,2020,4,11,1,0.281,-113,5,0,0,0,0,0
128,Cam Newton 2020,NE,368.0,11.0,2.0,15.0,4.2,70.0,19.7,2.6,178.0,48.0,30.0,109.0,26.0,9.0,265.0,74.6,36.0,145.0,13.0,61.0,23.0,84.0,99.0,863.0,Regular,30.0,39.4,-14.1,538.0,42.9,28.2,14.1,0.0,0.7,40.9,-13.7,2020.0,NE 2020,NE,2020,7,9,0,0.438,-27,15,0,0,0,0,0
129,Carson Wentz 2020,PHI,437.0,21.0,1.0,23.0,5.5,90.0,21.7,2.6,167.0,35.0,64.0,149.0,29.3,6.0,292.0,70.4,64.0,253.0,51.0,210.0,8.0,43.0,103.0,583.0,Regular,28.0,41.9,-21.6,581.0,39.4,21.5,10.8,0.0,7.1,37.1,-21.8,2020.0,PHI 2020,PHI,2020,4,11,1,0.281,-84,6,0,0,0,0,0
130,Jalen Hurts 2020,PHI,148.0,12.0,1.0,4.0,3.0,36.0,26.7,2.3,55.0,16.0,12.0,41.0,22.2,5.0,82.0,60.7,40.0,338.0,15.0,198.0,22.0,140.0,19.0,236.0,,,,,,,,,,,,,2020.0,PHI 2020,PHI,2020,4,11,1,0.281,-84,6,0,0,0,0,0
131,Nick Mullens 2020,SF,326.0,6.0,0.0,17.0,5.3,48.0,15.0,2.4,116.0,33.0,56.0,108.0,31.1,7.0,241.0,75.3,13.0,74.0,12.0,74.0,0.0,0.0,86.0,863.0,Regular,31.0,36.3,-21.0,379.0,17.2,16.1,-0.2,0.0,1.4,31.3,-8.6,2020.0,SF 2020,SF,2020,6,10,0,0.375,-14,12,0,0,0,0,0
132,Jimmy Garoppolo 2020,SF,140.0,0.0,0.0,9.0,6.4,24.0,17.1,2.3,50.0,8.0,14.0,33.0,21.3,1.0,109.0,77.9,10.0,57.0,8.0,57.0,0.0,0.0,40.0,385.0,Regular,,54.0,1.5,166.0,18.0,16.8,-0.1,0.0,1.3,53.2,-4.8,2020.0,SF 2020,SF,2020,6,10,0,0.375,-14,12,0,0,0,0,0
133,C.J. Beathard 2020,SF,104.0,5.0,1.0,8.0,8.2,17.0,17.3,2.6,27.0,4.0,13.0,26.0,22.8,1.0,76.0,77.6,6.0,34.0,4.0,15.0,2.0,19.0,16.0,96.0,,,,,,,,,,,,,2020.0,SF 2020,SF,2020,6,10,0,0.375,-14,12,0,0,0,0,0
134,Gardner Minshew II 2020,JAX,327.0,15.0,1.0,10.0,3.2,58.0,18.6,2.4,90.0,38.0,20.0,85.0,22.5,4.0,238.0,76.5,18.0,131.0,14.0,127.0,3.0,4.0,47.0,363.0,,,,,,,,,,,,,2020.0,JAX 2020,JAX,2020,1,15,0,0.063,-186,1,0,0,0,0,0
135,Mike Glennon 2020,JAX,179.0,5.0,3.0,7.0,4.1,25.0,14.6,2.3,32.0,10.0,12.0,31.0,16.1,3.0,123.0,71.9,3.0,6.0,2.0,6.0,0.0,0.0,26.0,267.0,,,,,,,,,,,,,2020.0,JAX 2020,JAX,2020,1,15,0,0.063,-186,1,0,0,0,0,0
136,Jake Luton 2020,JAX,110.0,6.0,0.0,5.0,4.8,30.0,28.8,2.3,44.0,10.0,8.0,25.0,21.2,3.0,68.0,65.4,4.0,25.0,4.0,25.0,0.0,0.0,18.0,108.0,,,,,,,,,,,,,2020.0,JAX 2020,JAX,2020,1,15,0,0.063,-186,1,0,0,0,0,0
137,Sam Darnold 2020,NYJ,364.0,21.0,3.0,14.0,4.1,62.0,18.2,2.4,143.0,43.0,38.0,116.0,27.3,7.0,244.0,71.8,8.0,48.0,5.0,37.0,3.0,11.0,63.0,542.0,Regular,33.0,32.9,-22.6,455.0,24.3,8.7,12.8,0.0,2.7,33.1,-15.5,2020.0,NYJ 2020,NYJ,2020,2,14,0,0.125,-214,2,0,0,0,0,0
138,Joe Flacco 2020,NYJ,134.0,10.0,0.0,5.0,4.0,29.0,23.4,2.3,56.0,16.0,20.0,43.0,29.5,1.0,88.0,71.0,4.0,9.0,4.0,9.0,0.0,0.0,28.0,213.0,,,,,,,,,,,,,2020.0,NYJ 2020,NYJ,2020,2,14,0,0.125,-214,2,0,0,0,0,0
139,Andy Dalton 2020,DAL,333.0,14.0,0.0,21.0,6.6,48.0,15.0,2.3,119.0,15.0,25.0,64.0,17.2,5.0,250.0,78.4,21.0,177.0,17.0,154.0,3.0,23.0,61.0,414.0,Regular,25.0,46.1,-8.9,409.0,30.9,26.2,2.5,0.0,2.2,42.3,-12.1,2020.0,DAL 2020,DAL,2020,6,10,0,0.375,-78,10,0,0,0,0,0
140,Dak Prescott 2020,DAL,222.0,3.0,1.0,13.0,6.0,33.0,15.1,2.5,66.0,23.0,19.0,52.0,21.7,1.0,168.0,77.1,34.0,263.0,32.0,261.0,1.0,2.0,58.0,582.0,Regular,,73.1,15.0,263.0,36.5,31.2,4.9,0.0,0.4,69.2,-4.2,2020.0,DAL 2020,DAL,2020,6,10,0,0.375,-78,10,0,0,0,0,0
141,Ryan Fitzpatrick 2020,MIA,267.0,2.0,1.0,10.0,3.8,37.0,14.0,2.2,99.0,22.0,31.0,67.0,22.6,5.0,211.0,79.9,16.0,109.0,14.0,109.0,1.0,0.0,41.0,341.0,Regular,5.0,70.9,22.5,324.0,49.9,41.6,5.6,0.0,2.7,72.8,-5.1,2020.0,MIA 2020,MIA,2020,10,6,0,0.625,66,18,0,0,0,0,0
142,Tua Tagovailoa 2020,MIA,290.0,5.0,3.0,12.0,4.3,53.0,18.8,2.3,115.0,14.0,14.0,48.0,14.7,2.0,209.0,74.1,32.0,208.0,28.0,195.0,4.0,13.0,78.0,466.0,Regular,26.0,44.8,-2.1,362.0,32.4,24.6,6.6,0.0,1.3,47.9,-8.9,2020.0,MIA 2020,MIA,2020,10,6,0,0.625,66,18,0,0,0,0,0
143,Mitchell Trubisky 2020,CHI,297.0,4.0,0.0,9.0,3.1,53.0,18.1,2.3,80.0,25.0,21.0,64.0,19.3,1.0,222.0,75.8,31.0,213.0,25.0,200.0,6.0,13.0,96.0,798.0,,,,,,,,,,,,,2020.0,CHI 2020,CHI,2020,8,8,0,0.5,2,20,1,0,0,0,0
144,Nick Foles 2020,CHI,312.0,11.0,1.0,9.0,3.0,48.0,16.0,2.2,99.0,15.0,41.0,74.0,22.2,5.0,229.0,76.3,32.0,238.0,30.0,238.0,0.0,0.0,59.0,468.0,Regular,32.0,36.0,-14.6,359.0,22.3,21.2,-1.7,0.0,2.7,36.0,-8.7,2020.0,CHI 2020,CHI,2020,8,8,0,0.5,2,20,1,0,0,0,0
145,Alex Smith 2020,WAS,252.0,12.0,0.0,8.0,3.3,42.0,17.5,2.3,63.0,37.0,27.0,86.0,31.0,4.0,183.0,76.3,22.0,122.0,22.0,122.0,0.0,0.0,48.0,365.0,,,,,,,,,,,,,2020.0,WAS 2020,WAS,2020,7,9,0,0.438,6,19,1,0,0,0,0
146,Dwayne Haskins 2020,WAS,241.0,4.0,0.0,12.0,5.1,53.0,22.4,2.3,66.0,17.0,24.0,61.0,22.8,5.0,165.0,69.6,40.0,231.0,35.0,224.0,3.0,7.0,36.0,160.0,,,,,,,,,,,,,2020.0,WAS 2020,WAS,2020,7,9,0,0.438,6,19,1,0,0,0,0
147,Kyle Allen 2020,WAS,87.0,8.0,0.0,2.0,2.5,8.0,10.1,2.5,31.0,9.0,9.0,25.0,25.5,1.0,64.0,81.0,11.0,77.0,8.0,75.0,1.0,2.0,29.0,234.0,Regular,,68.2,4.8,108.0,15.3,11.8,2.7,0.0,0.8,65.1,-3.1,2020.0,WAS 2020,WAS,2020,7,9,0,0.438,6,19,1,0,0,0,0
148,Tom Brady 2021,TB,719.0,13.0,2.0,32.0,4.5,127.0,18.0,2.3,176.0,30.0,31.0,83.0,11.1,8.0,531.0,75.4,8.0,72.0,8.0,72.0,0.0,0.0,113.0,912.0,Regular/Playoffs,2.0,68.34498886414254,898.0,798.0,121.1,113.5,4.9,0.0,3.8,67.40044543429843,-10.899999999999999,2021.0,TB 2021,TB,2021,13,4,0,0.765,158,27,1,1,0,0,0
149,Justin Herbert 2021,LAC,672.0,14.0,1.0,38.0,5.8,96.0,14.6,2.4,155.0,51.0,61.0,143.0,19.4,17.0,527.0,80.2,54.0,516.0,46.0,484.0,6.0,32.0,166.0,1515.0,Regular,3.0,70.9,53.8,808.0,120.3,100.5,14.9,0.0,4.9,71.9,-12.9,2021.0,LAC 2021,LAC,2021,9,8,0,0.529,15,17,0,0,0,0,0
150,Matthew Stafford 2021,LAR,601.0,3.0,0.0,31.0,5.2,111.0,18.6,2.5,137.0,32.0,42.0,104.0,16.3,9.0,458.0,76.6,25.0,233.0,25.0,233.0,0.0,0.0,122.0,1247.0,Regular/Playoffs,4.0,69.63897316219371,857.0,686.0,117.6,111.4,4.2,0.0,1.7,69.95915985997667,-15.8,2021.0,LAR 2021,LAR,2021,12,5,0,0.706,88,32,1,1,1,1,1
151,Patrick Mahomes 2021,KC,658.0,32.0,0.0,31.0,5.0,118.0,18.8,2.4,112.0,76.0,58.0,162.0,22.1,7.0,485.0,77.5,97.0,652.0,91.0,638.0,5.0,14.0,148.0,1099.0,Regular/Playoffs,5.0,70.04522560335782,953.0,803.0,136.1,105.7,25.3,0.0,4.7,70.25729275970619,-12.5,2021.0,KC 2021,KC,2021,12,5,0,0.706,116,30,1,1,1,0,0
152,Joe Burrow 2021,CIN,520.0,12.0,2.0,23.0,4.5,54.0,10.7,2.4,125.0,46.0,48.0,145.0,24.5,8.0,419.0,82.8,23.0,168.0,20.0,167.0,1.0,1.0,75.0,807.0,Regular/Playoffs,12.0,58.211721611721615,819.0,642.0,95.7,79.19999999999999,15.1,0.0,1.7,60.32307692307692,-31.599999999999998,2021.0,CIN 2021,CIN,2021,10,7,0,0.588,84,31,1,1,1,1,0
153,Dak Prescott 2021,DAL,596.0,11.0,0.0,28.0,4.8,86.0,14.7,2.4,187.0,46.0,48.0,124.0,19.2,10.0,452.0,77.3,43.0,210.0,38.0,198.0,4.0,12.0,118.0,953.0,Regular/Playoffs,11.0,58.47477477477477,777.0,721.0,88.39999999999999,91.3,-5.7,0.0,3.4,61.08108108108108,-12.6,2021.0,DAL 2021,DAL,2021,12,5,0,0.706,172,24,1,0,0,0,0
154,Josh Allen 2021,BUF,646.0,32.0,0.0,35.0,5.7,107.0,17.4,2.4,182.0,95.0,64.0,185.0,25.7,16.0,459.0,74.8,124.0,916.0,93.0,762.0,31.0,154.0,178.0,1643.0,Regular/Playoffs,6.0,68.96037321624588,911.0,828.0,134.6,98.0,36.4,0.0,0.3,69.99659714599342,-11.4,2021.0,BUF 2021,BUF,2021,11,6,0,0.647,194,25,1,1,0,0,0
155,Kirk Cousins 2021,MIN,561.0,13.0,5.0,22.0,4.1,93.0,17.1,2.4,168.0,68.0,65.0,161.0,26.6,4.0,418.0,77.0,8.0,23.0,7.0,21.0,1.0,2.0,113.0,1107.0,Regular,15.0,58.3,14.3,650.0,74.0,73.0,0.4,0.0,0.5,57.7,-13.3,2021.0,MIN 2021,MIN,2021,8,9,0,0.471,-1,12,0,0,0,0,0
156,Aaron Rodgers 2021,GB,531.0,18.0,3.0,13.0,2.5,93.0,18.2,2.3,135.0,59.0,40.0,129.0,22.3,8.0,394.0,77.3,30.0,200.0,30.0,200.0,0.0,0.0,107.0,798.0,Regular/Playoffs,1.0,71.23003095975233,646.0,610.0,96.3,85.8,5.2,0.0,5.4,70.44705882352942,-14.5,2021.0,GB 2021,GB,2021,13,4,0,0.765,79,28,1,1,0,0,0
157,Jordan Love 2021,GB,62.0,2.0,0.0,2.0,3.3,15.0,25.0,2.4,29.0,9.0,7.0,19.0,27.1,0.0,40.0,66.7,2.0,0.0,2.0,0.0,0.0,0.0,10.0,104.0,,,,,,,,,,,,,2021.0,GB 2021,GB,2021,13,4,0,0.765,79,28,1,1,0,0,0
158,Matt Ryan 2021,ATL,560.0,15.0,1.0,21.0,3.9,79.0,14.5,2.4,166.0,48.0,84.0,172.0,27.9,9.0,425.0,78.1,28.0,219.0,22.0,214.0,1.0,5.0,131.0,1099.0,Regular,21.0,52.2,6.0,684.0,64.9,68.3,-6.4,0.0,3.1,53.1,-16.3,2021.0,ATL 2021,ATL,2021,7,10,0,0.412,-146,8,0,0,0,0,0
159,Jimmy Garoppolo 2021,SF,441.0,11.0,3.0,23.0,5.4,55.0,12.9,2.4,100.0,24.0,36.0,89.0,18.7,5.0,348.0,81.5,38.0,339.0,37.0,334.0,1.0,5.0,100.0,1017.0,Regular/Playoffs,13.0,58.992926045016084,622.0,530.0,65.89999999999999,64.2,-0.7,0.0,1.9,56.52090032154341,-13.7,2021.0,SF 2021,SF,2021,10,7,0,0.588,62,29,1,1,1,0,0
160,Trey Lance 2021,SF,71.0,2.0,0.0,3.0,4.3,13.0,18.8,2.5,21.0,8.0,7.0,19.0,22.1,5.0,51.0,73.9,18.0,172.0,10.0,145.0,8.0,27.0,20.0,171.0,,,,,,,,,,,,,2021.0,SF 2021,SF,2021,10,7,0,0.588,62,29,1,1,1,0,0
161,Mac Jones 2021,NE,521.0,12.0,1.0,16.0,3.1,90.0,17.7,2.4,181.0,29.0,47.0,104.0,18.4,9.0,386.0,76.0,33.0,324.0,32.0,324.0,0.0,0.0,104.0,888.0,Regular/Playoffs,16.0,57.11063515509601,677.0,631.0,64.7,60.7,1.1,0.0,2.7,55.45553914327917,-14.4,2021.0,NE 2021,NE,2021,10,7,0,0.588,159,21,1,0,0,0,0
162,Kyler Murray 2021,ARI,481.0,19.0,0.0,16.0,3.5,65.0,14.1,2.3,108.0,68.0,13.0,112.0,20.7,10.0,367.0,79.4,111.0,780.0,79.0,702.0,28.0,78.0,109.0,937.0,Regular/Playoffs,7.0,59.878635014836796,674.0,632.0,71.69999999999999,59.0,10.700000000000001,0.0,2.1,58.04154302670623,-14.200000000000001,2021.0,ARI 2021,ARI,2021,11,6,0,0.647,83,23,1,0,0,0,0
163,Colt McCoy 2021,ARI,99.0,1.0,0.0,5.0,5.1,11.0,11.2,2.1,29.0,10.0,10.0,26.0,23.9,2.0,82.0,83.7,29.0,265.0,25.0,250.0,3.0,15.0,31.0,295.0,Regular,,60.4,3.5,121.0,12.5,12.3,-1.2,0.0,1.3,60.0,-2.1,2021.0,ARI 2021,ARI,2021,11,6,0,0.647,83,23,1,0,0,0,0
164,Ben Roethlisberger 2021,PIT,605.0,6.0,2.0,30.0,5.0,110.0,18.4,2.2,145.0,44.0,38.0,120.0,18.6,13.0,451.0,75.5,23.0,52.0,21.0,51.0,1.0,1.0,90.0,587.0,Regular/Playoffs,25.0,39.636339522546415,754.0,705.0,42.3,36.199999999999996,1.8000000000000003,0.0,4.4,39.04429708222811,-14.700000000000001,2021.0,PIT 2021,PIT,2021,9,7,1,0.559,-55,20,1,0,0,0,0
165,Mason Rudolph 2021,PIT,58.0,1.0,1.0,3.0,5.4,9.0,16.1,2.0,15.0,0.0,1.0,1.0,1.6,0.0,44.0,78.6,0.0,0.0,0.0,0.0,0.0,0.0,7.0,41.0,,,,,,,,,,,,,2021.0,PIT 2021,PIT,2021,9,7,1,0.559,-55,20,1,0,0,0,0
166,Ryan Tannehill 2021,TEN,531.0,9.0,1.0,23.0,4.4,83.0,15.9,2.3,166.0,31.0,64.0,142.0,23.8,10.0,411.0,78.9,34.0,311.0,22.0,224.0,12.0,87.0,132.0,1114.0,Regular/Playoffs,8.0,59.795768688293364,709.0,680.0,79.89999999999999,59.8,15.700000000000001,0.0,4.5,59.54894217207334,-18.0,2021.0,TEN 2021,TEN,2021,12,5,0,0.706,65,26,1,1,0,0,0
167,Trevor Lawrence 2021,JAX,602.0,18.0,3.0,33.0,5.7,119.0,20.5,2.4,147.0,67.0,52.0,151.0,22.6,8.0,414.0,71.3,74.0,527.0,52.0,450.0,18.0,77.0,124.0,1013.0,Regular,28.0,39.1,-27.1,758.0,37.9,32.3,4.1,0.0,1.5,37.6,-11.7,2021.0,JAX 2021,JAX,2021,3,14,0,0.176,-204,1,0,0,0,0,0
168,Carson Wentz 2021,IND,516.0,17.0,0.0,25.0,5.0,94.0,18.8,2.5,156.0,41.0,75.0,148.0,25.8,8.0,368.0,73.7,84.0,597.0,76.0,553.0,7.0,44.0,144.0,1234.0,Regular,9.5,60.6,19.5,648.0,74.3,58.3,9.6,0.0,6.3,60.5,-15.7,2021.0,IND 2021,IND,2021,9,8,0,0.529,86,16,0,0,0,0,0
169,Taylor Heinicke 2021,WAS,494.0,8.0,3.0,18.0,3.7,80.0,16.6,2.6,145.0,55.0,47.0,140.0,24.6,9.0,365.0,75.6,65.0,527.0,56.0,486.0,5.0,41.0,122.0,1087.0,Regular,23.0,45.8,-4.5,624.0,50.9,39.8,7.4,0.0,3.6,47.4,-15.0,2021.0,WAS 2021,WAS,2021,7,10,0,0.412,-99,11,0,0,0,0,0
170,Jared Goff 2021,DET,494.0,21.0,5.0,21.0,4.5,77.0,16.5,2.4,110.0,50.0,48.0,133.0,24.6,5.0,375.0,80.1,24.0,191.0,22.0,174.0,1.0,17.0,79.0,647.0,Regular,24.0,45.5,-11.1,587.0,37.4,41.6,-4.6,0.0,0.4,43.4,-16.8,2021.0,DET 2021,DET,2021,3,13,1,0.206,-142,2,0,0,0,0,0
171,Tim Boyle 2021,DET,94.0,0.0,0.0,3.0,3.2,20.0,21.3,2.3,15.0,5.0,10.0,15.0,15.8,1.0,64.0,68.1,4.0,26.0,4.0,26.0,0.0,0.0,24.0,186.0,,,,,,,,,,,,,2021.0,DET 2021,DET,2021,3,13,1,0.206,-142,2,0,0,0,0,0
172,Jalen Hurts 2021,PHI,432.0,22.0,2.0,22.0,5.4,57.0,14.0,2.6,124.0,76.0,32.0,134.0,26.4,11.0,319.0,78.2,154.0,1178.0,95.0,819.0,52.0,359.0,111.0,994.0,Regular/Playoffs,19.0,52.11403249630724,677.0,622.0,66.10000000000001,36.699999999999996,28.3,0.0,1.2,55.51595273264402,-11.4,2021.0,PHI 2021,PHI,2021,9,8,0,0.529,59,19,1,0,0,0,0
173,Gardner Minshew II 2021,PHI,60.0,4.0,0.0,5.0,8.9,7.0,12.5,2.5,19.0,7.0,5.0,17.0,24.6,1.0,45.0,80.4,6.0,37.0,5.0,37.0,0.0,0.0,15.0,160.0,,,,,,,,,,,,,2021.0,PHI 2021,PHI,2021,9,8,0,0.529,59,19,1,0,0,0,0
174,Russell Wilson 2021,SEA,400.0,13.0,0.0,16.0,4.1,72.0,18.6,2.4,113.0,48.0,42.0,123.0,27.0,3.0,296.0,76.5,45.0,225.0,36.0,204.0,7.0,21.0,102.0,1036.0,Regular,9.5,60.6,12.1,500.0,55.4,45.0,7.8,0.0,2.6,58.5,-15.2,2021.0,SEA 2021,SEA,2021,7,10,0,0.412,29,10,0,0,0,0,0
175,Geno Smith 2021,SEA,95.0,6.0,1.0,0.0,0.0,13.0,14.8,2.5,38.0,12.0,6.0,31.0,27.7,3.0,65.0,73.9,3.0,25.0,3.0,25.0,0.0,0.0,19.0,214.0,,,,,,,,,,,,,2021.0,SEA 2021,SEA,2021,7,10,0,0.412,29,10,0,0,0,0,0
176,Teddy Bridgewater 2021,DEN,426.0,20.0,0.0,13.0,3.2,68.0,16.7,2.5,118.0,64.0,42.0,137.0,29.0,9.0,316.0,77.8,23.0,171.0,20.0,171.0,0.0,0.0,76.0,508.0,Regular,20.0,53.4,10.1,519.0,52.5,43.5,5.7,0.0,3.3,56.8,-13.3,2021.0,DEN 2021,DEN,2021,7,10,0,0.412,13,9,0,0,0,0,0
177,Drew Lock 2021,DEN,111.0,1.0,1.0,7.0,6.4,24.0,22.0,2.5,29.0,14.0,8.0,31.0,24.4,2.0,79.0,72.5,10.0,49.0,8.0,47.0,1.0,2.0,21.0,140.0,,,,,,,,,,,,,2021.0,DEN 2021,DEN,2021,7,10,0,0.412,13,9,0,0,0,0,0
178,Baker Mayfield 2021,CLE,418.0,14.0,2.0,20.0,5.0,84.0,20.9,2.4,124.0,52.0,18.0,113.0,23.3,11.0,296.0,73.6,11.0,78.0,9.0,76.0,2.0,2.0,89.0,849.0,Regular,27.0,40.9,-14.2,529.0,34.4,26.9,5.5,0.0,2.0,40.6,-20.8,2021.0,CLE 2021,CLE,2021,8,9,0,0.471,-22,13,0,0,0,0,0
179,Case Keenum 2021,CLE,72.0,2.0,0.0,3.0,4.3,13.0,18.6,2.3,18.0,6.0,8.0,19.0,23.5,0.0,53.0,75.7,1.0,6.0,1.0,6.0,0.0,0.0,19.0,197.0,,,,,,,,,,,,,2021.0,CLE 2021,CLE,2021,8,9,0,0.471,-22,13,0,0,0,0,0
180,Lamar Jackson 2021,BAL,382.0,7.0,4.0,18.0,4.9,73.0,19.7,2.4,151.0,39.0,29.0,106.0,22.6,9.0,272.0,73.3,119.0,834.0,63.0,574.0,54.0,260.0,93.0,831.0,Regular,17.0,56.8,11.1,574.0,62.7,43.7,18.2,0.0,0.9,56.8,-13.0,2021.0,BAL 2021,BAL,2021,8,9,0,0.471,-5,14,0,0,0,0,0
181,Tyler Huntley 2021,BAL,188.0,3.0,3.0,4.0,2.2,34.0,18.7,2.3,62.0,22.0,10.0,50.0,21.6,6.0,136.0,74.7,33.0,147.0,19.0,102.0,9.0,45.0,12.0,109.0,,,,,,,,,,,,,2021.0,BAL 2021,BAL,2021,8,9,0,0.471,-5,14,0,0,0,0,0
182,Davis Mills 2021,HOU,394.0,13.0,2.0,12.0,3.2,66.0,17.4,2.3,121.0,30.0,30.0,91.0,20.9,11.0,287.0,75.7,18.0,92.0,13.0,90.0,1.0,2.0,65.0,394.0,Regular,26.0,41.2,-12.9,471.0,25.9,23.5,-1.0,0.0,3.4,40.5,-12.0,2021.0,HOU 2021,HOU,2021,4,13,0,0.235,-172,3,0,0,0,0,0
183,Tyrod Taylor 2021,HOU,150.0,4.0,1.0,5.0,3.4,32.0,22.1,2.3,60.0,19.0,16.0,48.0,27.0,2.0,100.0,69.0,24.0,143.0,18.0,115.0,4.0,28.0,29.0,239.0,,,,,,,,,,,,,2021.0,HOU 2021,HOU,2021,4,13,0,0.235,-172,3,0,0,0,0,0
184,Tua Tagovailoa 2021,MIA,388.0,6.0,1.0,17.0,4.5,62.0,16.3,2.2,100.0,45.0,24.0,89.0,20.9,1.0,305.0,80.1,94.0,858.0,90.0,847.0,4.0,11.0,116.0,990.0,Regular,18.0,55.7,9.6,471.0,51.8,46.8,4.3,0.0,0.7,57.2,-9.4,2021.0,MIA 2021,MIA,2021,9,8,0,0.529,-32,15,0,0,0,0,0
185,Jacoby Brissett 2021,MIA,225.0,6.0,1.0,17.0,7.8,36.0,16.5,2.4,62.0,26.0,24.0,69.0,26.8,1.0,158.0,72.5,23.0,156.0,21.0,152.0,1.0,4.0,33.0,243.0,,,,,,,,,,,,,2021.0,MIA 2021,MIA,2021,9,8,0,0.529,-32,15,0,0,0,0,0
186,Sam Darnold 2021,CAR,406.0,22.0,0.0,27.0,7.0,71.0,18.5,2.5,128.0,60.0,40.0,135.0,29.1,6.0,286.0,74.5,26.0,83.0,22.0,68.0,3.0,15.0,87.0,595.0,Regular,29.0,38.8,-17.8,508.0,27.2,20.0,6.8,0.0,0.4,37.9,-12.4,2021.0,CAR 2021,CAR,2021,5,12,0,0.294,-100,6,0,0,0,0,0
187,Cam Newton 2021,CAR,126.0,2.0,0.0,6.0,4.8,28.0,22.6,2.2,59.0,15.0,10.0,35.0,24.5,6.0,81.0,65.3,32.0,202.0,19.0,119.0,12.0,83.0,19.0,113.0,,,,,,,,,,,,,2021.0,CAR 2021,CAR,2021,5,12,0,0.294,-100,6,0,0,0,0,0
188,P.J. Walker 2021,CAR,66.0,0.0,1.0,2.0,3.1,20.0,30.8,2.5,15.0,7.0,9.0,23.0,30.7,1.0,41.0,63.1,2.0,3.0,2.0,3.0,0.0,0.0,6.0,35.0,,,,,,,,,,,,,2021.0,CAR 2021,CAR,2021,5,12,0,0.294,-100,6,0,0,0,0,0
189,Daniel Jones 2021,NYG,361.0,12.0,1.0,19.0,5.5,64.0,18.4,2.4,120.0,37.0,36.0,95.0,23.3,5.0,265.0,76.1,38.0,160.0,25.0,111.0,10.0,49.0,93.0,652.0,Regular,22.0,47.5,0.7,472.0,41.7,32.1,5.4,0.0,4.2,50.5,-8.1,2021.0,NYG 2021,NYG,2021,4,13,0,0.235,-158,5,0,0,0,0,0
190,Mike Glennon 2021,NYG,167.0,11.0,3.0,11.0,7.2,21.0,13.7,2.5,41.0,12.0,19.0,40.0,22.2,1.0,110.0,71.9,5.0,15.0,5.0,15.0,0.0,0.0,24.0,134.0,,,,,,,,,,,,,2021.0,NYG 2021,NYG,2021,4,13,0,0.235,-158,5,0,0,0,0,0
191,Jake Fromm 2021,NYG,60.0,2.0,0.0,3.0,5.2,19.0,32.8,2.2,21.0,5.0,7.0,18.0,25.0,4.0,32.0,55.2,11.0,39.0,9.0,15.0,2.0,24.0,14.0,16.0,,,,,,,,,,,,,2021.0,NYG 2021,NYG,2021,4,13,0,0.235,-158,5,0,0,0,0,0
192,Zach Wilson 2021,NYJ,383.0,16.0,1.0,25.0,6.8,87.0,23.8,2.5,127.0,66.0,26.0,136.0,30.6,5.0,256.0,69.9,18.0,76.0,14.0,72.0,1.0,4.0,81.0,468.0,Regular,30.0,33.4,-24.4,472.0,17.9,7.3,5.5,0.0,5.1,32.5,-18.5,2021.0,NYJ 2021,NYJ,2021,4,13,0,0.235,-194,4,0,0,0,0,0
193,Mike White 2021,NYJ,132.0,1.0,0.0,5.0,3.8,19.0,14.5,2.4,29.0,8.0,14.0,26.0,19.1,6.0,93.0,71.0,4.0,13.0,4.0,13.0,0.0,0.0,18.0,105.0,,,,,,,,,,,,,2021.0,NYJ 2021,NYJ,2021,4,13,0,0.235,-194,4,0,0,0,0,0
194,Justin Fields 2021,CHI,270.0,8.0,2.0,18.0,6.9,57.0,21.9,2.5,96.0,29.0,31.0,96.0,27.3,3.0,189.0,72.7,22.0,137.0,8.0,75.0,11.0,62.0,48.0,413.0,Regular,31.0,31.4,-22.4,397.0,13.7,6.5,5.1,0.0,2.1,31.0,-15.3,2021.0,CHI 2021,CHI,2021,6,11,0,0.353,-96,7,0,0,0,0,0
195,Andy Dalton 2021,CHI,236.0,8.0,1.0,9.0,4.0,39.0,17.2,2.3,92.0,23.0,13.0,54.0,20.3,7.0,162.0,71.4,14.0,141.0,12.0,138.0,1.0,3.0,30.0,174.0,,,,,,,,,,,,,2021.0,CHI 2021,CHI,2021,6,11,0,0.353,-96,7,0,0,0,0,0
196,Jameis Winston 2021,NO,161.0,9.0,0.0,10.0,6.6,33.0,21.7,2.6,68.0,18.0,18.0,47.0,24.9,5.0,107.0,70.4,2.0,11.0,1.0,0.0,1.0,11.0,37.0,355.0,Regular,,69.8,13.6,209.0,31.6,20.4,12.1,0.0,-0.9,71.5,-4.7,2021.0,NO 2021,NO,2021,9,8,0,0.529,29,18,0,0,0,0,0
197,Trevor Siemian 2021,NO,188.0,11.0,0.0,7.0,4.0,26.0,14.7,2.5,47.0,20.0,16.0,45.0,22.5,6.0,131.0,74.0,3.0,20.0,3.0,20.0,0.0,0.0,34.0,204.0,,,,,,,,,,,,,2021.0,NO 2021,NO,2021,9,8,0,0.529,29,18,0,0,0,0,0
198,Taysom Hill 2021,NO,134.0,4.0,2.0,11.0,8.6,26.0,20.3,2.5,40.0,18.0,9.0,36.0,22.6,3.0,94.0,73.4,11.0,74.0,6.0,46.0,4.0,28.0,32.0,349.0,,,,,,,,,,,,,2021.0,NO 2021,NO,2021,9,8,0,0.529,29,18,0,0,0,0,0
199,Patrick Mahomes 2022,KC,648.0,33.0,0.0,33.0,5.4,95.0,15.4,2.6,160.0,58.0,56.0,140.0,19.4,8.0,474.0,77.1,91.0,713.0,86.0,692.0,4.0,21.0,143.0,1394.0,Regular/Playoffs,1.0,79.66969353007946,881.0,763.0,156.5,126.1,27.9,0.0,1.5,79.54914869466515,-12.1,2022.0,KC 2022,KC,2022,14,3,0,0.824,127,32,1,1,1,1,1
200,Justin Herbert 2022,LAC,699.0,25.0,2.0,39.0,5.8,87.0,12.9,2.5,182.0,50.0,72.0,160.0,21.1,23.0,508.0,75.6,41.0,328.0,41.0,328.0,0.0,0.0,188.0,1435.0,Regular/Playoffs,11.0,59.47494199535963,862.0,812.0,98.8,93.7,3.4,0.0,1.8,61.032946635730866,-16.7,2022.0,LAC 2022,LAC,2022,10,7,0,0.588,7,23,1,0,0,0,0
201,Tom Brady 2022,TB,733.0,22.0,4.0,32.0,4.5,116.0,16.4,2.2,130.0,23.0,55.0,100.0,13.2,11.0,545.0,77.1,23.0,160.0,23.0,160.0,0.0,0.0,123.0,948.0,Regular/Playoffs,18.0,52.311086226203805,893.0,823.0,77.2,77.8,-3.5,0.0,3.0,52.09944008958566,-10.700000000000001,2022.0,TB 2022,TB,2022,8,9,0,0.471,-45,19,1,0,0,0,0
202,Kirk Cousins 2022,MIN,643.0,27.0,3.0,25.0,4.1,93.0,15.2,2.5,159.0,36.0,84.0,166.0,23.7,14.0,469.0,76.5,20.0,175.0,19.0,175.0,0.0,0.0,191.0,1283.0,Regular/Playoffs,22.5,54.046125461254604,813.0,771.0,81.1,73.2,4.9,0.0,3.0,55.846125461254616,-17.0,2022.0,MIN 2022,MIN,2022,13,4,0,0.765,-3,24,1,0,0,0,0
203,Joe Burrow 2022,CIN,606.0,17.0,1.0,34.0,5.8,76.0,12.9,2.2,110.0,22.0,48.0,111.0,16.5,24.0,465.0,79.1,65.0,432.0,58.0,414.0,2.0,18.0,95.0,619.0,Regular/Playoffs,10.0,59.659375,896.0,750.0,92.5,73.9,16.0,0.0,2.8,57.56607142857143,-19.8,2022.0,CIN 2022,CIN,2022,12,4,0,0.75,96,29,1,1,1,0,0
204,Jared Goff 2022,DET,587.0,27.0,1.0,34.0,6.1,94.0,16.8,2.4,186.0,43.0,53.0,119.0,19.1,11.0,426.0,76.2,20.0,108.0,20.0,108.0,0.0,0.0,154.0,1445.0,Regular,5.0,63.3,28.8,668.0,78.5,79.1,-3.9,0.0,3.2,64.8,-9.9,2022.0,DET 2022,DET,2022,9,8,0,0.529,26,17,0,0,0,0,0
205,Josh Allen 2022,BUF,567.0,18.0,1.0,37.0,6.8,91.0,16.6,2.5,144.0,41.0,40.0,114.0,17.4,14.0,404.0,73.7,69.0,493.0,62.0,471.0,5.0,22.0,145.0,1235.0,Regular/Playoffs,2.0,69.37458823529413,850.0,746.0,127.39999999999999,79.8,45.4,0.0,2.2,72.07835294117648,-15.3,2022.0,BUF 2022,BUF,2022,13,3,0,0.813,169,28,1,1,0,0,0
206,Geno Smith 2022,SEA,572.0,20.0,1.0,18.0,3.3,65.0,11.8,2.4,170.0,37.0,64.0,147.0,22.5,11.0,434.0,78.8,37.0,283.0,34.0,278.0,2.0,5.0,135.0,1150.0,Regular/Playoffs,7.0,63.06848249027237,771.0,725.0,93.2,79.69999999999999,11.7,0.0,2.0,64.02269779507134,-20.299999999999997,2022.0,SEA 2022,SEA,2022,9,8,0,0.529,6,21,1,0,0,0,0
207,Trevor Lawrence 2022,JAX,584.0,16.0,2.0,40.0,7.1,85.0,15.0,2.2,158.0,45.0,39.0,111.0,17.5,17.0,431.0,76.1,64.0,449.0,56.0,434.0,4.0,15.0,140.0,1265.0,Regular/Playoffs,17.0,54.498888888888885,810.0,711.0,76.19999999999999,69.1,5.1,0.0,2.0,54.504444444444445,-13.5,2022.0,JAX 2022,JAX,2022,9,8,0,0.529,54,25,1,1,0,0,0
208,Jalen Hurts 2022,PHI,460.0,23.0,0.0,22.0,5.0,62.0,14.2,2.3,172.0,39.0,22.0,99.0,18.3,13.0,340.0,77.8,148.0,1156.0,122.0,1068.0,21.0,88.0,133.0,1094.0,Regular/Playoffs,4.0,69.90734394124847,817.0,683.0,117.6,70.3,44.2,0.0,2.3,72.12851897184822,-14.700000000000001,2022.0,PHI 2022,PHI,2022,14,3,0,0.824,133,31,1,1,1,1,0
209,Gardner Minshew II 2022,PHI,76.0,5.0,1.0,2.0,2.9,14.0,20.0,2.5,15.0,4.0,2.0,12.0,14.3,2.0,51.0,72.9,18.0,214.0,14.0,213.0,1.0,1.0,6.0,98.0,,,,,,,,,,,,,2022.0,PHI 2022,PHI,2022,14,3,0,0.824,133,31,1,1,1,1,0
210,Aaron Rodgers 2022,GB,542.0,25.0,2.0,40.0,7.8,76.0,14.8,2.4,136.0,37.0,39.0,108.0,18.4,8.0,415.0,80.6,62.0,417.0,58.0,413.0,1.0,4.0,136.0,994.0,Regular,26.0,41.3,-10.6,624.0,42.6,36.5,2.4,0.0,3.7,44.0,-16.4,2022.0,GB 2022,GB,2022,8,9,0,0.471,-2,14,0,0,0,0,0
211,Tua Tagovailoa 2022,MIA,400.0,13.0,1.0,26.0,6.7,61.0,15.8,2.3,86.0,40.0,25.0,86.0,20.0,6.0,296.0,76.7,74.0,622.0,71.0,615.0,1.0,7.0,159.0,1431.0,Regular,3.0,70.6,27.5,456.0,63.5,57.4,3.4,0.0,2.8,70.1,-8.9,2022.0,MIA 2022,MIA,2022,9,8,0,0.529,-2,20,1,0,0,0,0
212,Teddy Bridgewater 2022,MIA,79.0,4.0,0.0,2.0,2.7,16.0,21.3,2.7,7.0,5.0,13.0,25.0,28.1,1.0,56.0,74.7,12.0,151.0,12.0,151.0,0.0,0.0,17.0,208.0,,,,,,,,,,,,,2022.0,MIA 2022,MIA,2022,9,8,0,0.529,-2,20,1,0,0,0,0
213,Skylar Thompson 2022,MIA,105.0,4.0,0.0,8.0,7.9,22.0,21.8,2.6,15.0,16.0,25.0,47.0,40.5,2.0,70.0,69.3,17.0,87.0,14.0,81.0,2.0,6.0,20.0,72.0,Playoffs,14.0,23.3,-7.0,57.0,-1.7,-1.4,-0.4,0.0,0.0,15.1,-2.0,2022.0,MIA 2022,MIA,2022,9,8,0,0.529,-2,20,1,0,0,0,0
214,Russell Wilson 2022,DEN,483.0,32.0,1.0,30.0,6.7,70.0,15.6,2.5,138.0,42.0,65.0,162.0,28.6,19.0,330.0,73.3,29.0,188.0,25.0,165.0,4.0,23.0,112.0,814.0,Regular,27.0,38.7,-18.5,642.0,37.3,20.0,11.9,0.0,5.5,40.0,-24.0,2022.0,DEN 2022,DEN,2022,5,12,0,0.294,-72,6,0,0,0,0,0
215,Brett Rypien 2022,DEN,88.0,1.0,0.0,2.0,2.3,19.0,21.8,2.4,22.0,2.0,9.0,19.0,19.6,2.0,63.0,72.4,4.0,9.0,4.0,9.0,0.0,0.0,17.0,66.0,,,,,,,,,,,,,2022.0,DEN 2022,DEN,2022,5,12,0,0.294,-72,6,0,0,0,0,0
216,Daniel Jones 2022,NYG,472.0,24.0,5.0,29.0,6.5,54.0,12.2,2.5,137.0,46.0,53.0,143.0,25.1,11.0,359.0,81.0,49.0,310.0,39.0,240.0,9.0,70.0,141.0,984.0,Regular/Playoffs,6.0,62.9,755.0,665.0,89.8,56.7,31.8,0.0,1.3,63.74701986754967,-18.8,2022.0,NYG 2022,NYG,2022,9,7,1,0.559,-6,26,1,1,0,0,0
217,Davis Mills 2022,HOU,479.0,12.0,1.0,18.0,3.9,108.0,23.2,2.3,127.0,34.0,59.0,124.0,23.6,13.0,329.0,70.6,21.0,143.0,20.0,142.0,1.0,1.0,117.0,931.0,Regular,29.0,35.0,-23.3,573.0,24.8,23.1,-1.2,0.0,2.9,36.0,-12.7,2022.0,HOU 2022,HOU,2022,3,13,1,0.206,-131,2,0,0,0,0,0
218,Kyle Allen 2022,HOU,78.0,3.0,0.0,4.0,5.3,14.0,18.7,2.0,22.0,2.0,7.0,14.0,16.5,4.0,52.0,69.3,1.0,13.0,1.0,13.0,0.0,0.0,28.0,148.0,,,,,,,,,,,,,2022.0,HOU 2022,HOU,2022,3,13,1,0.206,-131,2,0,0,0,0,0
219,Matt Ryan 2022,IND,461.0,17.0,1.0,19.0,4.3,60.0,13.5,2.3,145.0,33.0,51.0,122.0,24.0,12.0,340.0,76.7,33.0,212.0,30.0,212.0,0.0,0.0,80.0,494.0,Regular,25.0,44.9,-8.0,554.0,39.0,38.5,-0.4,0.0,0.9,44.9,-17.0,2022.0,IND 2022,IND,2022,4,12,1,0.265,-138,4,0,0,0,0,0
220,Sam Ehlinger 2022,IND,101.0,1.0,0.0,6.0,6.0,18.0,18.0,2.5,23.0,8.0,7.0,29.0,23.0,2.0,74.0,74.0,12.0,100.0,10.0,97.0,1.0,3.0,22.0,156.0,,,,,,,,,,,,,2022.0,IND 2022,IND,2022,4,12,1,0.265,-138,4,0,0,0,0,0
221,Mac Jones 2022,NE,442.0,16.0,2.0,28.0,6.6,57.0,13.4,2.2,94.0,34.0,27.0,95.0,19.2,8.0,318.0,75.0,21.0,121.0,19.0,121.0,0.0,0.0,80.0,640.0,Regular,28.0,38.4,-18.8,538.0,27.9,25.6,2.3,0.0,0.0,37.9,-14.5,2022.0,NE 2022,NE,2022,8,9,0,0.471,17,15,0,0,0,0,0
222,Bailey Zappe 2022,NE,92.0,4.0,0.0,3.0,3.4,11.0,12.5,2.5,36.0,5.0,2.0,13.0,13.1,5.0,69.0,78.4,8.0,77.0,7.0,72.0,1.0,5.0,24.0,389.0,,,,,,,,,,,,,2022.0,NE 2022,NE,2022,8,9,0,0.471,17,15,0,0,0,0,0
223,Andy Dalton 2022,NO,378.0,14.0,0.0,25.0,6.9,45.0,12.4,2.3,99.0,15.0,21.0,61.0,14.7,10.0,284.0,78.0,9.0,63.0,8.0,60.0,1.0,3.0,61.0,611.0,Regular,21.0,53.1,2.7,453.0,39.7,40.5,-2.0,0.0,1.2,52.1,-12.4,2022.0,NO 2022,NO,2022,7,10,0,0.412,-15,9,0,0,0,0,0
224,Jameis Winston 2022,NO,115.0,2.0,2.0,3.0,2.7,23.0,20.7,2.5,41.0,9.0,11.0,31.0,24.0,2.0,81.0,73.0,2.0,21.0,2.0,21.0,0.0,0.0,11.0,32.0,,,,,,,,,,,,,2022.0,NO 2022,NO,2022,7,10,0,0.412,-15,9,0,0,0,0,0
225,Dak Prescott 2022,DAL,394.0,6.0,0.0,24.0,6.2,67.0,17.3,2.5,102.0,29.0,37.0,86.0,20.0,4.0,296.0,76.3,46.0,324.0,40.0,288.0,5.0,36.0,94.0,663.0,Regular/Playoffs,12.0,63.39026548672566,565.0,480.0,69.2,57.1,9.5,0.0,2.7,64.19646017699115,-9.100000000000001,2022.0,DAL 2022,DAL,2022,12,5,0,0.706,125,27,1,1,0,0,0
226,Cooper Rush 2022,DAL,162.0,2.0,1.0,9.0,5.7,33.0,20.8,2.2,47.0,14.0,17.0,38.0,22.2,8.0,106.0,66.7,7.0,56.0,6.0,54.0,1.0,2.0,45.0,383.0,Regular,,60.8,4.4,184.0,17.9,16.8,-0.4,0.0,1.5,58.3,-3.0,2022.0,DAL 2022,DAL,2022,12,5,0,0.706,125,27,1,1,0,0,0
227,Jacoby Brissett 2022,CLE,369.0,16.0,3.0,25.0,7.1,48.0,13.7,2.5,101.0,39.0,39.0,102.0,24.5,5.0,265.0,75.7,11.0,36.0,11.0,36.0,0.0,0.0,76.0,700.0,Regular,8.0,62.0,15.3,466.0,51.5,35.5,12.5,0.0,3.6,61.4,-9.2,2022.0,CLE 2022,CLE,2022,7,10,0,0.412,-20,11,0,0,0,0,0
228,Deshaun Watson 2022,CLE,170.0,12.0,2.0,12.0,7.7,22.0,14.1,2.9,35.0,5.0,12.0,37.0,18.1,4.0,116.0,74.4,26.0,227.0,19.0,169.0,6.0,58.0,51.0,403.0,,,,,,,,,,,,,2022.0,CLE 2022,CLE,2022,7,10,0,0.412,-20,11,0,0,0,0,0
229,Ryan Tannehill 2022,TEN,325.0,7.0,1.0,20.0,6.3,38.0,12.0,2.5,105.0,22.0,35.0,90.0,24.3,11.0,235.0,74.1,28.0,198.0,25.0,172.0,2.0,26.0,84.0,1052.0,Regular,24.0,51.2,1.4,416.0,36.2,30.0,5.3,0.0,0.9,51.2,-14.3,2022.0,TEN 2022,TEN,2022,7,10,0,0.412,-61,10,0,0,0,0,0
230,Joshua Dobbs 2022,TEN,68.0,3.0,0.0,3.0,4.6,14.0,21.5,2.5,25.0,11.0,16.0,33.0,42.9,2.0,43.0,66.2,12.0,94.0,7.0,70.0,4.0,24.0,16.0,125.0,Regular,,52.8,0.5,86.0,7.8,7.2,0.8,0.0,-0.2,52.2,-2.1,2022.0,TEN 2022,TEN,2022,7,10,0,0.412,-61,10,0,0,0,0,0
231,Malik Willis 2022,TEN,61.0,7.0,0.0,4.0,7.4,12.0,22.2,2.7,18.0,11.0,2.0,23.0,28.8,2.0,36.0,66.7,17.0,159.0,5.0,93.0,11.0,66.0,13.0,42.0,,,,,,,,,,,,,2022.0,TEN 2022,TEN,2022,7,10,0,0.412,-61,10,0,0,0,0,0
232,Jimmy Garoppolo 2022,SF,308.0,2.0,0.0,21.0,6.9,39.0,12.7,2.3,87.0,9.0,24.0,51.0,15.5,10.0,228.0,74.5,32.0,190.0,29.0,189.0,1.0,1.0,52.0,420.0,Regular,15.5,56.3,8.7,367.0,38.5,38.8,-2.0,0.0,1.8,58.3,-9.2,2022.0,SF 2022,SF,2022,13,4,0,0.765,173,30,1,1,1,0,0
233,Brock Purdy 2022,SF,170.0,5.0,0.0,13.0,7.9,20.0,12.1,2.3,54.0,5.0,15.0,31.0,16.6,7.0,127.0,77.0,9.0,102.0,9.0,102.0,0.0,0.0,37.0,288.0,Regular/Playoffs,,68.39065743944636,289.0,211.0,39.3,35.7,1.2,0.0,1.8,70.27923875432526,-6.9,2022.0,SF 2022,SF,2022,13,4,0,0.765,173,30,1,1,1,0,0
234,Kenny Pickett 2022,PIT,389.0,19.0,1.0,16.0,4.3,67.0,18.2,2.5,95.0,34.0,32.0,93.0,21.0,8.0,266.0,72.1,34.0,152.0,29.0,135.0,4.0,17.0,65.0,315.0,Regular,19.5,53.6,3.4,496.0,43.2,36.5,5.2,0.0,1.6,52.4,-9.6,2022.0,PIT 2022,PIT,2022,9,8,0,0.529,-38,18,0,0,0,0,0
235,Mitchell Trubisky 2022,PIT,180.0,2.0,1.0,7.0,4.0,25.0,14.1,2.3,43.0,9.0,10.0,30.0,15.4,4.0,130.0,73.4,13.0,103.0,11.0,96.0,2.0,7.0,29.0,287.0,,,,,,,,,,,,,2022.0,PIT 2022,PIT,2022,9,8,0,0.529,-38,18,0,0,0,0,0
236,Kyler Murray 2022,ARI,390.0,16.0,3.0,22.0,5.9,44.0,11.9,2.2,89.0,42.0,15.0,82.0,18.5,9.0,289.0,77.9,50.0,393.0,43.0,336.0,7.0,57.0,61.0,440.0,Regular,19.5,53.6,7.7,512.0,49.0,30.0,19.2,0.0,-0.2,55.3,-10.3,2022.0,ARI 2022,ARI,2022,4,13,0,0.235,-109,3,0,0,0,0,0
237,Colt McCoy 2022,ARI,132.0,3.0,0.0,11.0,8.5,22.0,17.1,2.1,25.0,4.0,15.0,32.0,20.9,2.0,102.0,79.1,32.0,205.0,27.0,202.0,3.0,3.0,22.0,151.0,,,,,,,,,,,,,2022.0,ARI 2022,ARI,2022,4,13,0,0.235,-109,3,0,0,0,0,0
238,Trace McSorley 2022,ARI,83.0,5.0,1.0,2.0,2.6,21.0,27.3,2.2,24.0,5.0,8.0,16.0,17.4,1.0,50.0,64.9,8.0,58.0,7.0,57.0,1.0,1.0,13.0,83.0,,,,,,,,,,,,,2022.0,ARI 2022,ARI,2022,4,13,0,0.235,-109,3,0,0,0,0,0
239,David Blough 2022,ARI,58.0,2.0,0.0,2.0,3.6,10.0,17.9,2.2,15.0,0.0,7.0,12.0,18.5,0.0,43.0,76.8,16.0,188.0,15.0,188.0,0.0,0.0,14.0,166.0,,,,,,,,,,,,,2022.0,ARI 2022,ARI,2022,4,13,0,0.235,-109,3,0,0,0,0,0
240,Justin Fields 2022,CHI,318.0,13.0,0.0,16.0,5.2,59.0,19.3,2.7,102.0,33.0,31.0,119.0,26.9,12.0,217.0,71.1,90.0,475.0,61.0,368.0,25.0,107.0,83.0,759.0,Regular,15.5,56.3,13.4,556.0,59.2,10.0,46.5,0.0,2.8,58.5,-20.9,2022.0,CHI 2022,CHI,2022,3,14,0,0.176,-137,1,0,0,0,0,0
241,Lamar Jackson 2022,BAL,326.0,16.0,1.0,26.0,8.4,56.0,18.1,2.6,125.0,32.0,15.0,73.0,19.4,8.0,233.0,75.4,110.0,919.0,72.0,587.0,35.0,332.0,99.0,814.0,Regular,9.0,61.1,11.9,478.0,53.0,29.8,22.2,0.0,1.0,58.7,-8.9,2022.0,BAL 2022,BAL,2022,10,7,0,0.588,35,22,1,0,0,0,0
242,Tyler Huntley 2022,BAL,112.0,4.0,2.0,3.0,2.8,15.0,14.2,1.9,27.0,8.0,3.0,18.0,13.4,0.0,83.0,78.3,27.0,127.0,20.0,110.0,6.0,17.0,13.0,67.0,Playoffs,5.0,75.0,2.0,40.0,5.5,5.4,0.1,0.0,0.0,67.3,-1.0,2022.0,BAL 2022,BAL,2022,10,7,0,0.588,35,22,1,0,0,0,0
243,Marcus Mariota 2022,ATL,300.0,7.0,4.0,8.0,2.8,65.0,22.5,2.6,101.0,13.0,33.0,74.0,20.9,3.0,204.0,70.6,133.0,1044.0,90.0,803.0,37.0,241.0,68.0,564.0,Regular,13.0,57.7,8.7,430.0,44.7,32.2,9.9,0.0,2.6,57.1,-12.2,2022.0,ATL 2022,ATL,2022,7,10,0,0.412,-21,13,0,0,0,0,0
244,Desmond Ridder 2022,ATL,115.0,5.0,0.0,1.0,0.9,20.0,18.2,2.7,41.0,1.0,8.0,18.0,13.3,1.0,83.0,75.5,34.0,127.0,30.0,119.0,3.0,8.0,18.0,148.0,Regular,,52.0,-0.7,149.0,12.4,13.7,-2.9,0.0,1.6,48.4,-3.0,2022.0,ATL 2022,ATL,2022,7,10,0,0.412,-21,13,0,0,0,0,0
245,Matthew Stafford 2022,LAR,303.0,6.0,1.0,11.0,3.7,54.0,18.2,2.3,77.0,23.0,27.0,79.0,23.4,3.0,224.0,75.7,14.0,146.0,14.0,146.0,0.0,0.0,68.0,614.0,Regular,22.5,52.3,-1.7,362.0,27.4,26.5,0.3,0.0,0.5,48.3,-11.0,2022.0,LAR 2022,LAR,2022,5,12,0,0.294,-77,5,0,0,0,0,0
246,John Wolford 2022,LAR,62.0,1.0,0.0,1.0,1.6,10.0,16.4,2.7,19.0,7.0,14.0,28.0,37.8,2.0,50.0,82.0,8.0,44.0,8.0,44.0,0.0,0.0,24.0,199.0,,,,,,,,,,,,,2022.0,LAR 2022,LAR,2022,5,12,0,0.294,-77,5,0,0,0,0,0
247,Taylor Heinicke 2022,WAS,259.0,14.0,2.0,6.0,2.5,44.0,18.1,2.5,63.0,22.0,40.0,81.0,27.7,7.0,177.0,72.8,44.0,340.0,38.0,338.0,3.0,2.0,75.0,658.0,,,,,,,,,,,,,2022.0,WAS 2022,WAS,2022,8,8,1,0.5,-22,16,0,0,0,0,0
248,Carson Wentz 2022,WAS,276.0,6.0,0.0,16.0,5.9,54.0,20.0,2.3,84.0,15.0,29.0,70.0,22.3,8.0,192.0,71.1,39.0,221.0,34.0,215.0,2.0,6.0,65.0,431.0,Regular,30.0,34.4,-14.3,352.0,14.1,9.8,3.5,0.0,0.7,36.0,-11.4,2022.0,WAS 2022,WAS,2022,8,8,1,0.5,-22,16,0,0,0,0,0
249,Zach Wilson 2022,NYJ,242.0,20.0,0.0,11.0,5.0,56.0,25.2,2.5,94.0,36.0,15.0,74.0,26.6,5.0,149.0,67.1,35.0,226.0,32.0,224.0,1.0,2.0,54.0,375.0,,,,,,,,,,,,,2022.0,NYJ 2022,NYJ,2022,7,10,0,0.412,-20,12,0,0,0,0,0
250,Mike White 2022,NYJ,175.0,6.0,0.0,3.0,1.8,38.0,22.5,2.3,28.0,5.0,16.0,30.0,16.2,6.0,113.0,66.9,16.0,212.0,14.0,212.0,0.0,0.0,29.0,216.0,,,,,,,,,,,,,2022.0,NYJ 2022,NYJ,2022,7,10,0,0.412,-20,12,0,0,0,0,0
251,Joe Flacco 2022,NYJ,191.0,6.0,0.0,13.0,7.0,38.0,20.5,2.4,55.0,16.0,26.0,52.0,25.7,5.0,127.0,68.6,8.0,47.0,7.0,47.0,0.0,0.0,33.0,244.0,,,,,,,,,,,,,2022.0,NYJ 2022,NYJ,2022,7,10,0,0.412,-20,12,0,0,0,0,0
252,Sam Darnold 2022,CAR,140.0,19.0,3.0,7.0,5.9,16.0,13.6,2.7,49.0,13.0,9.0,32.0,20.1,3.0,91.0,77.1,17.0,100.0,15.0,100.0,2.0,0.0,52.0,414.0,,,,,,,,,,,,,2022.0,CAR 2022,CAR,2022,7,10,0,0.412,-27,8,0,0,0,0,0
253,P.J. Walker 2022,CAR,106.0,1.0,0.0,7.0,6.7,21.0,20.0,2.2,28.0,4.0,4.0,15.0,13.0,1.0,69.0,65.7,14.0,60.0,12.0,52.0,1.0,8.0,32.0,168.0,,,,,,,,,,,,,2022.0,CAR 2022,CAR,2022,7,10,0,0.412,-27,8,0,0,0,0,0
